date,n_sick,calls,n_duty,sby_need,dafted,activation_rate,day_of_week,week,month,season,year,holiday
2016-04-01,73,8154,1700,4,0,4.444444444444445,4,13,4,2,2016,0
2016-04-02,64,8526,1700,70,0,77.77777777777779,5,13,4,2,2016,0
2016-04-03,68,8088,1700,0,0,0.0,6,13,4,2,2016,0
2016-04-04,71,7044,1700,0,0,0.0,0,14,4,2,2016,0
2016-04-05,63,7236,1700,0,0,0.0,1,14,4,2,2016,0
2016-04-06,70,6492,1700,0,0,0.0,2,14,4,2,2016,0
2016-04-07,64,6204,1700,0,0,0.0,3,14,4,2,2016,0
2016-04-08,62,7614,1700,0,0,0.0,4,14,4,2,2016,0
2016-04-09,51,5706,1700,0,0,0.0,5,14,4,2,2016,0
2016-04-10,54,6606,1700,0,0,0.0,6,14,4,2,2016,0
2016-04-11,50,6822,1700,0,0,0.0,0,15,4,2,2016,0
2016-04-12,49,6060,1700,0,0,0.0,1,15,4,2,2016,0
2016-04-13,53,5964,1700,0,0,0.0,2,15,4,2,2016,0
2016-04-14,52,5928,1700,0,0,0.0,3,15,4,2,2016,0
2016-04-15,63,7608,1700,0,0,0.0,4,15,4,2,2016,0
2016-04-16,55,6768,1700,0,0,0.0,5,15,4,2,2016,0
2016-04-17,51,7242,1700,0,0,0.0,6,15,4,2,2016,0
2016-04-18,59,6768,1700,0,0,0.0,0,16,4,2,2016,0
2016-04-19,57,8676,1700,93,3,103.33333333333334,1,16,4,2,2016,0
2016-04-20,53,6270,1700,0,0,0.0,2,16,4,2,2016,0
2016-04-21,63,7818,1700,0,0,0.0,3,16,4,2,2016,0
2016-04-22,68,5712,1700,0,0,0.0,4,16,4,2,2016,0
2016-04-23,62,5166,1700,0,0,0.0,5,16,4,2,2016,0
2016-04-24,71,4884,1700,0,0,0.0,6,16,4,2,2016,0
2016-04-25,72,5880,1700,0,0,0.0,0,17,4,2,2016,0
2016-04-26,65,6576,1700,0,0,0.0,1,17,4,2,2016,0
2016-04-27,62,7620,1700,0,0,0.0,2,17,4,2,2016,0
2016-04-28,66,6870,1700,0,0,0.0,3,17,4,2,2016,0
2016-04-29,64,7554,1700,0,0,0.0,4,17,4,2,2016,0
2016-04-30,65,5424,1700,0,0,0.0,5,17,4,2,2016,0
2016-05-01,54,8400,1700,34,0,37.77777777777778,6,17,5,2,2016,1
2016-05-02,63,7782,1700,0,0,0.0,0,18,5,2,2016,0
2016-05-03,61,7716,1700,0,0,0.0,1,18,5,2,2016,0
2016-05-04,58,8340,1700,26,0,28.888888888888886,2,18,5,2,2016,0
2016-05-05,57,8064,1700,0,0,0.0,3,18,5,2,2016,1
2016-05-06,59,7404,1700,0,0,0.0,4,18,5,2,2016,0
2016-05-07,57,8868,1700,131,41,145.55555555555554,5,18,5,2,2016,0
2016-05-08,61,6504,1700,0,0,0.0,6,18,5,2,2016,0
2016-05-09,65,7788,1700,0,0,0.0,0,19,5,2,2016,0
2016-05-10,68,6978,1700,0,0,0.0,1,19,5,2,2016,0
2016-05-11,61,7512,1700,0,0,0.0,2,19,5,2,2016,0
2016-05-12,55,7434,1700,0,0,0.0,3,19,5,2,2016,0
2016-05-13,56,8370,1700,30,0,33.33333333333333,4,19,5,2,2016,0
2016-05-14,50,8136,1700,0,0,0.0,5,19,5,2,2016,0
2016-05-15,57,7674,1700,0,0,0.0,6,19,5,2,2016,0
2016-05-16,52,9048,1700,162,72,180.0,0,20,5,2,2016,1
2016-05-17,53,8550,1700,63,0,70.0,1,20,5,2,2016,0
2016-05-18,52,8184,1700,0,0,0.0,2,20,5,2,2016,0
2016-05-19,51,8352,1700,22,0,24.444444444444443,3,20,5,2,2016,0
2016-05-20,57,5790,1700,0,0,0.0,4,20,5,2,2016,0
2016-05-21,56,8382,1700,33,0,36.666666666666664,5,20,5,2,2016,0
2016-05-22,58,6516,1700,0,0,0.0,6,20,5,2,2016,0
2016-05-23,57,7824,1700,0,0,0.0,0,21,5,2,2016,0
2016-05-24,55,6312,1700,0,0,0.0,1,21,5,2,2016,0
2016-05-25,49,8196,1700,0,0,0.0,2,21,5,2,2016,0
2016-05-26,46,8124,1700,0,0,0.0,3,21,5,2,2016,0
2016-05-27,50,6084,1700,0,0,0.0,4,21,5,2,2016,0
2016-05-28,50,6174,1700,0,0,0.0,5,21,5,2,2016,0
2016-05-29,52,6984,1700,0,0,0.0,6,21,5,2,2016,0
2016-05-30,59,8670,1700,93,3,103.33333333333334,0,22,5,2,2016,0
2016-05-31,59,8004,1700,0,0,0.0,1,22,5,2,2016,0
2016-06-01,64,7656,1700,0,0,0.0,2,22,6,3,2016,0
2016-06-02,63,8298,1700,23,0,25.555555555555554,3,22,6,3,2016,0
2016-06-03,69,8922,1700,154,64,171.11111111111111,4,22,6,3,2016,0
2016-06-04,67,9426,1700,253,163,281.1111111111111,5,22,6,3,2016,0
2016-06-05,61,8514,1700,64,0,71.11111111111111,6,22,6,3,2016,0
2016-06-06,62,9426,1700,248,158,275.55555555555554,0,23,6,3,2016,0
2016-06-07,53,9414,1700,236,146,262.22222222222223,1,23,6,3,2016,0
2016-06-08,50,7260,1700,0,0,0.0,2,23,6,3,2016,0
2016-06-09,48,6762,1700,0,0,0.0,3,23,6,3,2016,0
2016-06-10,53,7230,1700,0,0,0.0,4,23,6,3,2016,0
2016-06-11,51,7710,1700,0,0,0.0,5,23,6,3,2016,0
2016-06-12,59,6462,1700,0,0,0.0,6,23,6,3,2016,0
2016-06-13,66,8790,1700,124,34,137.77777777777777,0,24,6,3,2016,0
2016-06-14,58,8160,1700,0,0,0.0,1,24,6,3,2016,0
2016-06-15,53,8538,1700,61,0,67.77777777777779,2,24,6,3,2016,0
2016-06-16,55,8094,1700,0,0,0.0,3,24,6,3,2016,0
2016-06-17,54,6918,1700,0,0,0.0,4,24,6,3,2016,0
2016-06-18,54,6894,1700,0,0,0.0,5,24,6,3,2016,0
2016-06-19,56,6840,1700,0,0,0.0,6,24,6,3,2016,0
2016-06-20,57,8562,1700,70,0,77.77777777777779,0,25,6,3,2016,0
2016-06-21,60,8754,1700,111,21,123.33333333333334,1,25,6,3,2016,0
2016-06-22,61,8058,1700,0,0,0.0,2,25,6,3,2016,0
2016-06-23,60,8316,1700,24,0,26.666666666666668,3,25,6,3,2016,0
2016-06-24,53,5916,1700,0,0,0.0,4,25,6,3,2016,0
2016-06-25,45,7272,1700,0,0,0.0,5,25,6,3,2016,0
2016-06-26,48,7794,1700,0,0,0.0,6,25,6,3,2016,0
2016-06-27,50,8964,1700,143,53,158.88888888888889,0,26,6,3,2016,0
2016-06-28,44,7788,1700,0,0,0.0,1,26,6,3,2016,0
2016-06-29,44,6600,1700,0,0,0.0,2,26,6,3,2016,0
2016-06-30,48,6708,1700,0,0,0.0,3,26,6,3,2016,0
2016-07-01,41,8742,1700,90,0,100.0,4,26,7,3,2016,0
2016-07-02,40,7116,1700,0,0,0.0,5,26,7,3,2016,0
2016-07-03,46,8376,1700,22,0,24.444444444444443,6,26,7,3,2016,0
2016-07-04,50,8526,1700,56,0,62.22222222222222,0,27,7,3,2016,0
2016-07-05,47,8550,1700,57,0,63.33333333333333,1,27,7,3,2016,0
2016-07-06,51,9702,1700,292,202,324.44444444444446,2,27,7,3,2016,0
2016-07-07,60,8442,1700,49,0,54.44444444444444,3,27,7,3,2016,0
2016-07-08,64,9024,1700,169,79,187.77777777777777,4,27,7,3,2016,0
2016-07-09,69,8532,1700,76,0,84.44444444444444,5,27,7,3,2016,0
2016-07-10,70,7374,1700,0,0,0.0,6,27,7,3,2016,0
2016-07-11,70,9492,1700,269,179,298.8888888888889,0,28,7,3,2016,0
2016-07-12,52,8130,1700,0,0,0.0,1,28,7,3,2016,0
2016-07-13,48,9012,1700,151,61,167.77777777777777,2,28,7,3,2016,0
2016-07-14,48,9228,1700,194,104,215.55555555555554,3,28,7,3,2016,0
2016-07-15,54,7626,1700,0,0,0.0,4,28,7,3,2016,0
2016-07-16,58,6234,1700,0,0,0.0,5,28,7,3,2016,0
2016-07-17,63,5592,1700,0,0,0.0,6,28,7,3,2016,0
2016-07-18,67,7452,1700,0,0,0.0,0,29,7,3,2016,0
2016-07-19,62,6744,1700,0,0,0.0,1,29,7,3,2016,0
2016-07-20,69,6870,1700,0,0,0.0,2,29,7,3,2016,0
2016-07-21,73,6924,1700,0,0,0.0,3,29,7,3,2016,0
2016-07-22,67,8844,1700,136,46,151.11111111111111,4,29,7,3,2016,0
2016-07-23,63,6450,1700,0,0,0.0,5,29,7,3,2016,0
2016-07-24,60,5892,1700,0,0,0.0,6,29,7,3,2016,0
2016-07-25,62,7368,1700,0,0,0.0,0,30,7,3,2016,0
2016-07-26,53,7488,1700,0,0,0.0,1,30,7,3,2016,0
2016-07-27,49,6684,1700,0,0,0.0,2,30,7,3,2016,0
2016-07-28,51,7062,1700,0,0,0.0,3,30,7,3,2016,0
2016-07-29,50,6978,1700,0,0,0.0,4,30,7,3,2016,0
2016-07-30,49,6480,1700,0,0,0.0,5,30,7,3,2016,0
2016-07-31,51,6210,1700,0,0,0.0,6,30,7,3,2016,0
2016-08-01,53,10536,1700,461,371,512.2222222222222,0,31,8,3,2016,0
2016-08-02,51,10392,1700,430,340,477.77777777777777,1,31,8,3,2016,0
2016-08-03,49,9516,1700,253,163,281.1111111111111,2,31,8,3,2016,0
2016-08-04,52,9840,1700,320,230,355.55555555555554,3,31,8,3,2016,0
2016-08-05,49,9258,1700,201,111,223.33333333333334,4,31,8,3,2016,0
2016-08-06,44,9006,1700,146,56,162.22222222222223,5,31,8,3,2016,0
2016-08-07,46,5904,1700,0,0,0.0,6,31,8,3,2016,0
2016-08-08,40,7428,1700,0,0,0.0,0,32,8,3,2016,0
2016-08-09,37,6840,1700,0,0,0.0,1,32,8,3,2016,0
2016-08-10,38,7506,1700,0,0,0.0,2,32,8,3,2016,0
2016-08-11,45,8526,1700,51,0,56.666666666666664,3,32,8,3,2016,0
2016-08-12,43,8256,1700,0,0,0.0,4,32,8,3,2016,0
2016-08-13,38,6762,1700,0,0,0.0,5,32,8,3,2016,0
2016-08-14,38,5778,1700,0,0,0.0,6,32,8,3,2016,0
2016-08-15,42,7404,1700,0,0,0.0,0,33,8,3,2016,0
2016-08-16,44,7134,1700,0,0,0.0,1,33,8,3,2016,0
2016-08-17,47,6540,1700,0,0,0.0,2,33,8,3,2016,0
2016-08-18,46,8670,1700,80,0,88.88888888888889,3,33,8,3,2016,0
2016-08-19,45,8028,1700,0,0,0.0,4,33,8,3,2016,0
2016-08-20,36,6318,1700,0,0,0.0,5,33,8,3,2016,0
2016-08-21,44,8214,1700,0,0,0.0,6,33,8,3,2016,0
2016-08-22,49,6654,1700,0,0,0.0,0,34,8,3,2016,0
2016-08-23,48,8082,1700,0,0,0.0,1,34,8,3,2016,0
2016-08-24,49,8430,1700,35,0,38.88888888888889,2,34,8,3,2016,0
2016-08-25,52,7140,1700,0,0,0.0,3,34,8,3,2016,0
2016-08-26,55,8082,1700,0,0,0.0,4,34,8,3,2016,0
2016-08-27,48,7626,1700,0,0,0.0,5,34,8,3,2016,0
2016-08-28,49,6990,1700,0,0,0.0,6,34,8,3,2016,0
2016-08-29,60,6840,1700,0,0,0.0,0,35,8,3,2016,0
2016-08-30,59,8592,1700,78,0,86.66666666666667,1,35,8,3,2016,0
2016-08-31,54,8886,1700,132,42,146.66666666666666,2,35,8,3,2016,0
2016-09-01,52,9318,1700,216,126,240.0,3,35,9,4,2016,0
2016-09-02,61,9366,1700,235,145,261.11111111111114,4,35,9,4,2016,0
2016-09-03,55,7380,1700,0,0,0.0,5,35,9,4,2016,0
2016-09-04,69,7536,1700,0,0,0.0,6,35,9,4,2016,0
2016-09-05,73,7548,1700,0,0,0.0,0,36,9,4,2016,0
2016-09-06,67,7560,1700,0,0,0.0,1,36,9,4,2016,0
2016-09-07,64,8568,1700,78,0,86.66666666666667,2,36,9,4,2016,0
2016-09-08,67,8748,1700,117,27,130.0,3,36,9,4,2016,0
2016-09-09,62,6582,1700,0,0,0.0,4,36,9,4,2016,0
2016-09-10,59,7374,1700,0,0,0.0,5,36,9,4,2016,0
2016-09-11,68,8202,1700,9,0,10.0,6,36,9,4,2016,0
2016-09-12,72,6564,1700,0,0,0.0,0,37,9,4,2016,0
2016-09-13,65,7230,1700,0,0,0.0,1,37,9,4,2016,0
2016-09-14,68,8514,1700,71,0,78.88888888888889,2,37,9,4,2016,0
2016-09-15,75,8280,1700,31,0,34.44444444444444,3,37,9,4,2016,0
2016-09-16,71,7824,1700,0,0,0.0,4,37,9,4,2016,0
2016-09-17,74,6660,1700,0,0,0.0,5,37,9,4,2016,0
2016-09-18,81,6126,1700,0,0,0.0,6,37,9,4,2016,0
2016-09-19,75,7926,1700,0,0,0.0,0,38,9,4,2016,0
2016-09-20,72,7362,1700,0,0,0.0,1,38,9,4,2016,0
2016-09-21,80,8532,1700,87,0,96.66666666666667,2,38,9,4,2016,0
2016-09-22,77,8286,1700,35,0,38.88888888888889,3,38,9,4,2016,0
2016-09-23,76,5808,1700,0,0,0.0,4,38,9,4,2016,0
2016-09-24,71,7842,1700,0,0,0.0,5,38,9,4,2016,0
2016-09-25,79,5328,1700,0,0,0.0,6,38,9,4,2016,0
2016-09-26,80,8550,1700,90,0,100.0,0,39,9,4,2016,0
2016-09-27,90,7638,1700,0,0,0.0,1,39,9,4,2016,0
2016-09-28,89,6924,1700,0,0,0.0,2,39,9,4,2016,0
2016-09-29,89,8172,1700,24,0,26.666666666666668,3,39,9,4,2016,0
2016-09-30,91,8520,1700,95,5,105.55555555555556,4,39,9,4,2016,0
2016-10-01,72,6492,1700,0,0,0.0,5,39,10,4,2016,0
2016-10-02,77,7872,1700,0,0,0.0,6,39,10,4,2016,0
2016-10-03,83,8004,1700,0,0,0.0,0,40,10,4,2016,1
2016-10-04,85,7398,1700,0,0,0.0,1,40,10,4,2016,0
2016-10-05,83,8136,1700,11,0,12.222222222222221,2,40,10,4,2016,0
2016-10-06,77,7020,1700,0,0,0.0,3,40,10,4,2016,0
2016-10-07,84,6072,1700,0,0,0.0,4,40,10,4,2016,0
2016-10-08,77,7176,1700,0,0,0.0,5,40,10,4,2016,0
2016-10-09,81,7842,1700,0,0,0.0,6,40,10,4,2016,0
2016-10-10,91,7818,1700,0,0,0.0,0,41,10,4,2016,0
2016-10-11,80,7908,1700,0,0,0.0,1,41,10,4,2016,0
2016-10-12,81,6396,1700,0,0,0.0,2,41,10,4,2016,0
2016-10-13,84,6930,1700,0,0,0.0,3,41,10,4,2016,0
2016-10-14,90,7728,1700,0,0,0.0,4,41,10,4,2016,0
2016-10-15,86,6954,1700,0,0,0.0,5,41,10,4,2016,0
2016-10-16,86,7614,1700,0,0,0.0,6,41,10,4,2016,0
2016-10-17,90,6666,1700,0,0,0.0,0,42,10,4,2016,0
2016-10-18,78,7200,1700,0,0,0.0,1,42,10,4,2016,0
2016-10-19,75,8094,1700,0,0,0.0,2,42,10,4,2016,0
2016-10-20,73,7440,1700,0,0,0.0,3,42,10,4,2016,0
2016-10-21,77,6234,1700,0,0,0.0,4,42,10,4,2016,0
2016-10-22,75,6660,1700,0,0,0.0,5,42,10,4,2016,0
2016-10-23,70,5004,1700,0,0,0.0,6,42,10,4,2016,0
2016-10-24,73,8544,1700,82,0,91.11111111111111,0,43,10,4,2016,0
2016-10-25,59,6204,1700,0,0,0.0,1,43,10,4,2016,0
2016-10-26,57,6108,1700,0,0,0.0,2,43,10,4,2016,0
2016-10-27,60,6366,1700,0,0,0.0,3,43,10,4,2016,0
2016-10-28,61,5430,1700,0,0,0.0,4,43,10,4,2016,0
2016-10-29,50,7980,1700,0,0,0.0,5,43,10,4,2016,0
2016-10-30,59,5730,1700,0,0,0.0,6,43,10,4,2016,0
2016-10-31,71,5874,1700,0,0,0.0,0,44,10,4,2016,0
2016-11-01,65,9600,1700,285,195,316.66666666666663,1,44,11,4,2016,0
2016-11-02,66,6576,1700,0,0,0.0,2,44,11,4,2016,0
2016-11-03,62,8352,1700,33,0,36.666666666666664,3,44,11,4,2016,0
2016-11-04,62,6984,1700,0,0,0.0,4,44,11,4,2016,0
2016-11-05,47,5562,1700,0,0,0.0,5,44,11,4,2016,0
2016-11-06,48,6366,1700,0,0,0.0,6,44,11,4,2016,0
2016-11-07,57,7098,1700,0,0,0.0,0,45,11,4,2016,0
2016-11-08,57,6552,1700,0,0,0.0,1,45,11,4,2016,0
2016-11-09,55,6966,1700,0,0,0.0,2,45,11,4,2016,0
2016-11-10,55,5730,1700,0,0,0.0,3,45,11,4,2016,0
2016-11-11,57,7110,1700,0,0,0.0,4,45,11,4,2016,0
2016-11-12,44,7140,1700,0,0,0.0,5,45,11,4,2016,0
2016-11-13,48,6072,1700,0,0,0.0,6,45,11,4,2016,0
2016-11-14,58,7710,1700,0,0,0.0,0,46,11,4,2016,0
2016-11-15,64,8190,1700,2,0,2.2222222222222223,1,46,11,4,2016,0
2016-11-16,61,5598,1700,0,0,0.0,2,46,11,4,2016,0
2016-11-17,62,6684,1700,0,0,0.0,3,46,11,4,2016,0
2016-11-18,64,6276,1700,0,0,0.0,4,46,11,4,2016,0
2016-11-19,59,5820,1700,0,0,0.0,5,46,11,4,2016,0
2016-11-20,72,5160,1700,0,0,0.0,6,46,11,4,2016,0
2016-11-21,70,7998,1700,0,0,0.0,0,47,11,4,2016,0
2016-11-22,67,6852,1700,0,0,0.0,1,47,11,4,2016,0
2016-11-23,73,8256,1700,25,0,27.77777777777778,2,47,11,4,2016,0
2016-11-24,78,7494,1700,0,0,0.0,3,47,11,4,2016,0
2016-11-25,76,7722,1700,0,0,0.0,4,47,11,4,2016,0
2016-11-26,67,6438,1700,0,0,0.0,5,47,11,4,2016,0
2016-11-27,65,5526,1700,0,0,0.0,6,47,11,4,2016,0
2016-11-28,62,6558,1700,0,0,0.0,0,48,11,4,2016,0
2016-11-29,55,6624,1700,0,0,0.0,1,48,11,4,2016,0
2016-11-30,49,6384,1700,0,0,0.0,2,48,11,4,2016,0
2016-12-01,43,6450,1700,0,0,0.0,3,48,12,1,2016,0
2016-12-02,46,8436,1700,34,0,37.77777777777778,4,48,12,1,2016,0
2016-12-03,45,5748,1700,0,0,0.0,5,48,12,1,2016,0
2016-12-04,51,5532,1700,0,0,0.0,6,48,12,1,2016,0
2016-12-05,50,7674,1700,0,0,0.0,0,49,12,1,2016,0
2016-12-06,47,7422,1700,0,0,0.0,1,49,12,1,2016,0
2016-12-07,55,7086,1700,0,0,0.0,2,49,12,1,2016,0
2016-12-08,60,6174,1700,0,0,0.0,3,49,12,1,2016,0
2016-12-09,57,6120,1700,0,0,0.0,4,49,12,1,2016,0
2016-12-10,56,6942,1700,0,0,0.0,5,49,12,1,2016,0
2016-12-11,60,7098,1700,0,0,0.0,6,49,12,1,2016,0
2016-12-12,70,7506,1700,0,0,0.0,0,50,12,1,2016,0
2016-12-13,68,7116,1700,0,0,0.0,1,50,12,1,2016,0
2016-12-14,71,5934,1700,0,0,0.0,2,50,12,1,2016,0
2016-12-15,70,5118,1700,0,0,0.0,3,50,12,1,2016,0
2016-12-16,62,5802,1700,0,0,0.0,4,50,12,1,2016,0
2016-12-17,57,6642,1700,0,0,0.0,5,50,12,1,2016,0
2016-12-18,62,4692,1700,0,0,0.0,6,50,12,1,2016,0
2016-12-19,61,6798,1700,0,0,0.0,0,51,12,1,2016,0
2016-12-20,51,6480,1700,0,0,0.0,1,51,12,1,2016,0
2016-12-21,49,5244,1700,0,0,0.0,2,51,12,1,2016,0
2016-12-22,49,6000,1700,0,0,0.0,3,51,12,1,2016,0
2016-12-23,48,5496,1700,0,0,0.0,4,51,12,1,2016,0
2016-12-24,44,5172,1700,0,0,0.0,5,51,12,1,2016,0
2016-12-25,50,6030,1700,0,0,0.0,6,51,12,1,2016,1
2016-12-26,61,6714,1700,0,0,0.0,0,52,12,1,2016,1
2016-12-27,80,6828,1700,0,0,0.0,1,52,12,1,2016,0
2016-12-28,91,6096,1700,0,0,0.0,2,52,12,1,2016,0
2016-12-29,96,7326,1700,0,0,0.0,3,52,12,1,2016,0
2016-12-30,92,5478,1700,0,0,0.0,4,52,12,1,2016,0
2016-12-31,66,5754,1700,0,0,0.0,5,52,12,1,2016,0
2017-01-01,60,6336,1800,0,0,0.0,6,52,1,1,2017,1
2017-01-02,70,8550,1800,0,0,0.0,0,1,1,1,2017,0
2017-01-03,74,8238,1800,0,0,0.0,1,1,1,1,2017,0
2017-01-04,76,7902,1800,0,0,0.0,2,1,1,1,2017,0
2017-01-05,76,8268,1800,0,0,0.0,3,1,1,1,2017,0
2017-01-06,71,6054,1800,0,0,0.0,4,1,1,1,2017,0
2017-01-07,81,7152,1800,0,0,0.0,5,1,1,1,2017,0
2017-01-08,88,6318,1800,0,0,0.0,6,1,1,1,2017,0
2017-01-09,89,5418,1800,0,0,0.0,0,2,1,1,2017,0
2017-01-10,80,5376,1800,0,0,0.0,1,2,1,1,2017,0
2017-01-11,73,5976,1800,0,0,0.0,2,2,1,1,2017,0
2017-01-12,55,6414,1800,0,0,0.0,3,2,1,1,2017,0
2017-01-13,47,5496,1800,0,0,0.0,4,2,1,1,2017,0
2017-01-14,49,4668,1800,0,0,0.0,5,2,1,1,2017,0
2017-01-15,53,4074,1800,0,0,0.0,6,2,1,1,2017,0
2017-01-16,58,6300,1800,0,0,0.0,0,3,1,1,2017,0
2017-01-17,52,6948,1800,0,0,0.0,1,3,1,1,2017,0
2017-01-18,50,4920,1800,0,0,0.0,2,3,1,1,2017,0
2017-01-19,55,4938,1800,0,0,0.0,3,3,1,1,2017,0
2017-01-20,62,6870,1800,0,0,0.0,4,3,1,1,2017,0
2017-01-21,58,5592,1800,0,0,0.0,5,3,1,1,2017,0
2017-01-22,60,6618,1800,0,0,0.0,6,3,1,1,2017,0
2017-01-23,65,7248,1800,0,0,0.0,0,4,1,1,2017,0
2017-01-24,63,5400,1800,0,0,0.0,1,4,1,1,2017,0
2017-01-25,57,4860,1800,0,0,0.0,2,4,1,1,2017,0
2017-01-26,66,5196,1800,0,0,0.0,3,4,1,1,2017,0
2017-01-27,73,6330,1800,0,0,0.0,4,4,1,1,2017,0
2017-01-28,62,5442,1800,0,0,0.0,5,4,1,1,2017,0
2017-01-29,64,5742,1800,0,0,0.0,6,4,1,1,2017,0
2017-01-30,67,7212,1800,0,0,0.0,0,5,1,1,2017,0
2017-01-31,56,5904,1800,0,0,0.0,1,5,1,1,2017,0
2017-02-01,48,6786,1800,0,0,0.0,2,5,2,1,2017,0
2017-02-02,50,8844,1800,19,0,21.11111111111111,3,5,2,1,2017,0
2017-02-03,54,7494,1800,0,0,0.0,4,5,2,1,2017,0
2017-02-04,44,6666,1800,0,0,0.0,5,5,2,1,2017,0
2017-02-05,48,5898,1800,0,0,0.0,6,5,2,1,2017,0
2017-02-06,58,8844,1800,27,0,30.0,0,6,2,1,2017,0
2017-02-07,60,6798,1800,0,0,0.0,1,6,2,1,2017,0
2017-02-08,65,8664,1800,0,0,0.0,2,6,2,1,2017,0
2017-02-09,60,6204,1800,0,0,0.0,3,6,2,1,2017,0
2017-02-10,66,7032,1800,0,0,0.0,4,6,2,1,2017,0
2017-02-11,62,7638,1800,0,0,0.0,5,6,2,1,2017,0
2017-02-12,58,7398,1800,0,0,0.0,6,6,2,1,2017,0
2017-02-13,62,5724,1800,0,0,0.0,0,7,2,1,2017,0
2017-02-14,56,6816,1800,0,0,0.0,1,7,2,1,2017,0
2017-02-15,60,5868,1800,0,0,0.0,2,7,2,1,2017,0
2017-02-16,67,7812,1800,0,0,0.0,3,7,2,1,2017,0
2017-02-17,63,7272,1800,0,0,0.0,4,7,2,1,2017,0
2017-02-18,52,7464,1800,0,0,0.0,5,7,2,1,2017,0
2017-02-19,54,5268,1800,0,0,0.0,6,7,2,1,2017,0
2017-02-20,57,5814,1800,0,0,0.0,0,8,2,1,2017,0
2017-02-21,58,5820,1800,0,0,0.0,1,8,2,1,2017,0
2017-02-22,60,7056,1800,0,0,0.0,2,8,2,1,2017,0
2017-02-23,58,8088,1800,0,0,0.0,3,8,2,1,2017,0
2017-02-24,64,6696,1800,0,0,0.0,4,8,2,1,2017,0
2017-02-25,57,5388,1800,0,0,0.0,5,8,2,1,2017,0
2017-02-26,57,5994,1800,0,0,0.0,6,8,2,1,2017,0
2017-02-27,58,6822,1800,0,0,0.0,0,9,2,1,2017,0
2017-02-28,55,7338,1800,0,0,0.0,1,9,2,1,2017,0
2017-03-01,53,10074,1800,268,178,297.77777777777777,2,9,3,2,2017,0
2017-03-02,54,9246,1800,104,14,115.55555555555554,3,9,3,2,2017,0
2017-03-03,50,8616,1800,0,0,0.0,4,9,3,2,2017,0
2017-03-04,47,6636,1800,0,0,0.0,5,9,3,2,2017,0
2017-03-05,58,6288,1800,0,0,0.0,6,9,3,2,2017,0
2017-03-06,61,8670,1800,0,0,0.0,0,10,3,2,2017,0
2017-03-07,56,6948,1800,0,0,0.0,1,10,3,2,2017,0
2017-03-08,52,8700,1800,0,0,0.0,2,10,3,2,2017,0
2017-03-09,55,9030,1800,61,0,67.77777777777779,3,10,3,2,2017,0
2017-03-10,61,8166,1800,0,0,0.0,4,10,3,2,2017,0
2017-03-11,57,7548,1800,0,0,0.0,5,10,3,2,2017,0
2017-03-12,61,6564,1800,0,0,0.0,6,10,3,2,2017,0
2017-03-13,66,6174,1800,0,0,0.0,0,11,3,2,2017,0
2017-03-14,57,7188,1800,0,0,0.0,1,11,3,2,2017,0
2017-03-15,60,7686,1800,0,0,0.0,2,11,3,2,2017,0
2017-03-16,61,6942,1800,0,0,0.0,3,11,3,2,2017,0
2017-03-17,60,5724,1800,0,0,0.0,4,11,3,2,2017,0
2017-03-18,54,7620,1800,0,0,0.0,5,11,3,2,2017,0
2017-03-19,58,6066,1800,0,0,0.0,6,11,3,2,2017,0
2017-03-20,59,6486,1800,0,0,0.0,0,12,3,2,2017,0
2017-03-21,58,8352,1800,0,0,0.0,1,12,3,2,2017,0
2017-03-22,57,8412,1800,0,0,0.0,2,12,3,2,2017,0
2017-03-23,56,7170,1800,0,0,0.0,3,12,3,2,2017,0
2017-03-24,53,6918,1800,0,0,0.0,4,12,3,2,2017,0
2017-03-25,48,6636,1800,0,0,0.0,5,12,3,2,2017,0
2017-03-26,48,6756,1800,0,0,0.0,6,12,3,2,2017,0
2017-03-27,56,8856,1800,28,0,31.11111111111111,0,13,3,2,2017,0
2017-03-28,56,8688,1800,0,0,0.0,1,13,3,2,2017,0
2017-03-29,59,8112,1800,0,0,0.0,2,13,3,2,2017,0
2017-03-30,58,7728,1800,0,0,0.0,3,13,3,2,2017,0
2017-03-31,58,8394,1800,0,0,0.0,4,13,3,2,2017,0
2017-04-01,45,9774,1800,200,110,222.22222222222223,5,13,4,2,2017,0
2017-04-02,45,6630,1800,0,0,0.0,6,13,4,2,2017,0
2017-04-03,49,10170,1800,283,193,314.44444444444446,0,14,4,2,2017,0
2017-04-04,52,9324,1800,117,27,130.0,1,14,4,2,2017,0
2017-04-05,48,7770,1800,0,0,0.0,2,14,4,2,2017,0
2017-04-06,43,7284,1800,0,0,0.0,3,14,4,2,2017,0
2017-04-07,38,8970,1800,32,0,35.55555555555556,4,14,4,2,2017,0
2017-04-08,44,8844,1800,13,0,14.444444444444443,5,14,4,2,2017,0
2017-04-09,41,6084,1800,0,0,0.0,6,14,4,2,2017,0
2017-04-10,45,9300,1800,105,15,116.66666666666667,0,15,4,2,2017,0
2017-04-11,46,7962,1800,0,0,0.0,1,15,4,2,2017,0
2017-04-12,46,8466,1800,0,0,0.0,2,15,4,2,2017,0
2017-04-13,55,6360,1800,0,0,0.0,3,15,4,2,2017,0
2017-04-14,53,8220,1800,0,0,0.0,4,15,4,2,2017,1
2017-04-15,53,6876,1800,0,0,0.0,5,15,4,2,2017,0
2017-04-16,54,7086,1800,0,0,0.0,6,15,4,2,2017,0
2017-04-17,59,9048,1800,69,0,76.66666666666667,0,16,4,2,2017,1
2017-04-18,60,7932,1800,0,0,0.0,1,16,4,2,2017,0
2017-04-19,67,8574,1800,0,0,0.0,2,16,4,2,2017,0
2017-04-20,72,8016,1800,0,0,0.0,3,16,4,2,2017,0
2017-04-21,69,8400,1800,0,0,0.0,4,16,4,2,2017,0
2017-04-22,61,8478,1800,0,0,0.0,5,16,4,2,2017,0
2017-04-23,71,7194,1800,0,0,0.0,6,16,4,2,2017,0
2017-04-24,68,8184,1800,0,0,0.0,0,17,4,2,2017,0
2017-04-25,69,8352,1800,0,0,0.0,1,17,4,2,2017,0
2017-04-26,61,8874,1800,36,0,40.0,2,17,4,2,2017,0
2017-04-27,61,7368,1800,0,0,0.0,3,17,4,2,2017,0
2017-04-28,63,7230,1800,0,0,0.0,4,17,4,2,2017,0
2017-04-29,59,6468,1800,0,0,0.0,5,17,4,2,2017,0
2017-04-30,62,6984,1800,0,0,0.0,6,17,4,2,2017,0
2017-05-01,64,10218,1800,308,218,342.22222222222223,0,18,5,2,2017,1
2017-05-02,69,8376,1800,0,0,0.0,1,18,5,2,2017,0
2017-05-03,65,10050,1800,275,185,305.55555555555554,2,18,5,2,2017,0
2017-05-04,64,9582,1800,181,91,201.11111111111111,3,18,5,2,2017,0
2017-05-05,63,7140,1800,0,0,0.0,4,18,5,2,2017,0
2017-05-06,54,9270,1800,108,18,120.0,5,18,5,2,2017,0
2017-05-07,61,6966,1800,0,0,0.0,6,18,5,2,2017,0
2017-05-08,59,8616,1800,0,0,0.0,0,19,5,2,2017,0
2017-05-09,54,9444,1800,143,53,158.88888888888889,1,19,5,2,2017,0
2017-05-10,55,9066,1800,69,0,76.66666666666667,2,19,5,2,2017,0
2017-05-11,55,8862,1800,28,0,31.11111111111111,3,19,5,2,2017,0
2017-05-12,55,9420,1800,139,49,154.44444444444446,4,19,5,2,2017,0
2017-05-13,54,7914,1800,0,0,0.0,5,19,5,2,2017,0
2017-05-14,65,8592,1800,0,0,0.0,6,19,5,2,2017,0
2017-05-15,77,8256,1800,0,0,0.0,0,20,5,2,2017,0
2017-05-16,70,8178,1800,0,0,0.0,1,20,5,2,2017,0
2017-05-17,70,6876,1800,0,0,0.0,2,20,5,2,2017,0
2017-05-18,62,7242,1800,0,0,0.0,3,20,5,2,2017,0
2017-05-19,55,7746,1800,0,0,0.0,4,20,5,2,2017,0
2017-05-20,45,6534,1800,0,0,0.0,5,20,5,2,2017,0
2017-05-21,48,6066,1800,0,0,0.0,6,20,5,2,2017,0
2017-05-22,61,8766,1800,15,0,16.666666666666664,0,21,5,2,2017,0
2017-05-23,54,9606,1800,176,86,195.55555555555554,1,21,5,2,2017,0
2017-05-24,51,8142,1800,0,0,0.0,2,21,5,2,2017,0
2017-05-25,52,6750,1800,0,0,0.0,3,21,5,2,2017,1
2017-05-26,58,7062,1800,0,0,0.0,4,21,5,2,2017,0
2017-05-27,51,7290,1800,0,0,0.0,5,21,5,2,2017,0
2017-05-28,58,8538,1800,0,0,0.0,6,21,5,2,2017,0
2017-05-29,57,8112,1800,0,0,0.0,0,22,5,2,2017,0
2017-05-30,55,7098,1800,0,0,0.0,1,22,5,2,2017,0
2017-05-31,52,9294,1800,111,21,123.33333333333334,2,22,5,2,2017,0
2017-06-01,54,10830,1800,420,330,466.6666666666667,3,22,6,3,2017,0
2017-06-02,57,9840,1800,225,135,250.0,4,22,6,3,2017,0
2017-06-03,56,7296,1800,0,0,0.0,5,22,6,3,2017,0
2017-06-04,48,8136,1800,0,0,0.0,6,22,6,3,2017,0
2017-06-05,56,9876,1800,232,142,257.77777777777777,0,23,6,3,2017,1
2017-06-06,61,8268,1800,0,0,0.0,1,23,6,3,2017,0
2017-06-07,58,9630,1800,184,94,204.44444444444443,2,23,6,3,2017,0
2017-06-08,54,9186,1800,92,2,102.22222222222221,3,23,6,3,2017,0
2017-06-09,56,6924,1800,0,0,0.0,4,23,6,3,2017,0
2017-06-10,54,9312,1800,117,27,130.0,5,23,6,3,2017,0
2017-06-11,54,7812,1800,0,0,0.0,6,23,6,3,2017,0
2017-06-12,56,9174,1800,91,1,101.11111111111111,0,24,6,3,2017,0
2017-06-13,56,9852,1800,227,137,252.22222222222223,1,24,6,3,2017,0
2017-06-14,55,8376,1800,0,0,0.0,2,24,6,3,2017,0
2017-06-15,45,7452,1800,0,0,0.0,3,24,6,3,2017,0
2017-06-16,50,7728,1800,0,0,0.0,4,24,6,3,2017,0
2017-06-17,52,7596,1800,0,0,0.0,5,24,6,3,2017,0
2017-06-18,64,6540,1800,0,0,0.0,6,24,6,3,2017,0
2017-06-19,63,8370,1800,0,0,0.0,0,25,6,3,2017,0
2017-06-20,59,8490,1800,0,0,0.0,1,25,6,3,2017,0
2017-06-21,60,8892,1800,39,0,43.333333333333336,2,25,6,3,2017,0
2017-06-22,53,8598,1800,0,0,0.0,3,25,6,3,2017,0
2017-06-23,55,6942,1800,0,0,0.0,4,25,6,3,2017,0
2017-06-24,57,7662,1800,0,0,0.0,5,25,6,3,2017,0
2017-06-25,63,6054,1800,0,0,0.0,6,25,6,3,2017,0
2017-06-26,64,7620,1800,0,0,0.0,0,26,6,3,2017,0
2017-06-27,53,7764,1800,0,0,0.0,1,26,6,3,2017,0
2017-06-28,54,8040,1800,0,0,0.0,2,26,6,3,2017,0
2017-06-29,57,8160,1800,0,0,0.0,3,26,6,3,2017,0
2017-06-30,59,9060,1800,71,0,78.88888888888889,4,26,6,3,2017,0
2017-07-01,51,8352,1800,0,0,0.0,5,26,7,3,2017,0
2017-07-02,50,7860,1800,0,0,0.0,6,26,7,3,2017,0
2017-07-03,60,8802,1800,21,0,23.333333333333332,0,27,7,3,2017,0
2017-07-04,48,9228,1800,94,4,104.44444444444446,1,27,7,3,2017,0
2017-07-05,49,10398,1800,329,239,365.55555555555554,2,27,7,3,2017,0
2017-07-06,46,7578,1800,0,0,0.0,3,27,7,3,2017,0
2017-07-07,44,7314,1800,0,0,0.0,4,27,7,3,2017,0
2017-07-08,43,7398,1800,0,0,0.0,5,27,7,3,2017,0
2017-07-09,46,7878,1800,0,0,0.0,6,27,7,3,2017,0
2017-07-10,49,7200,1800,0,0,0.0,0,28,7,3,2017,0
2017-07-11,47,7872,1800,0,0,0.0,1,28,7,3,2017,0
2017-07-12,49,7524,1800,0,0,0.0,2,28,7,3,2017,0
2017-07-13,53,6960,1800,0,0,0.0,3,28,7,3,2017,0
2017-07-14,59,9354,1800,130,40,144.44444444444443,4,28,7,3,2017,0
2017-07-15,62,8808,1800,24,0,26.666666666666668,5,28,7,3,2017,0
2017-07-16,71,8982,1800,68,0,75.55555555555556,6,28,7,3,2017,0
2017-07-17,69,9336,1800,137,47,152.22222222222223,0,29,7,3,2017,0
2017-07-18,66,9624,1800,191,101,212.22222222222223,1,29,7,3,2017,0
2017-07-19,59,9534,1800,166,76,184.44444444444446,2,29,7,3,2017,0
2017-07-20,56,7152,1800,0,0,0.0,3,29,7,3,2017,0
2017-07-21,54,8052,1800,0,0,0.0,4,29,7,3,2017,0
2017-07-22,51,8190,1800,0,0,0.0,5,29,7,3,2017,0
2017-07-23,55,7686,1800,0,0,0.0,6,29,7,3,2017,0
2017-07-24,62,7530,1800,0,0,0.0,0,30,7,3,2017,0
2017-07-25,59,8400,1800,0,0,0.0,1,30,7,3,2017,0
2017-07-26,61,7956,1800,0,0,0.0,2,30,7,3,2017,0
2017-07-27,55,8400,1800,0,0,0.0,3,30,7,3,2017,0
2017-07-28,56,7104,1800,0,0,0.0,4,30,7,3,2017,0
2017-07-29,52,8724,1800,0,0,0.0,5,30,7,3,2017,0
2017-07-30,52,6324,1800,0,0,0.0,6,30,7,3,2017,0
2017-07-31,73,7818,1800,0,0,0.0,0,31,7,3,2017,0
2017-08-01,63,10476,1800,359,269,398.8888888888889,1,31,8,3,2017,0
2017-08-02,63,10068,1800,277,187,307.77777777777777,2,31,8,3,2017,0
2017-08-03,68,9372,1800,143,53,158.88888888888889,3,31,8,3,2017,0
2017-08-04,66,7506,1800,0,0,0.0,4,31,8,3,2017,0
2017-08-05,64,9672,1800,199,109,221.11111111111111,5,31,8,3,2017,0
2017-08-06,70,6654,1800,0,0,0.0,6,31,8,3,2017,0
2017-08-07,68,9174,1800,103,13,114.44444444444444,0,32,8,3,2017,0
2017-08-08,63,9186,1800,101,11,112.22222222222223,1,32,8,3,2017,0
2017-08-09,57,8712,1800,0,0,0.0,2,32,8,3,2017,0
2017-08-10,57,8016,1800,0,0,0.0,3,32,8,3,2017,0
2017-08-11,66,9426,1800,152,62,168.88888888888889,4,32,8,3,2017,0
2017-08-12,62,7548,1800,0,0,0.0,5,32,8,3,2017,0
2017-08-13,66,6408,1800,0,0,0.0,6,32,8,3,2017,0
2017-08-14,65,9360,1800,137,47,152.22222222222223,0,33,8,3,2017,0
2017-08-15,69,8844,1800,38,0,42.22222222222222,1,33,8,3,2017,0
2017-08-16,66,9114,1800,89,0,98.88888888888889,2,33,8,3,2017,0
2017-08-17,59,9006,1800,61,0,67.77777777777779,3,33,8,3,2017,0
2017-08-18,61,8796,1800,21,0,23.333333333333332,4,33,8,3,2017,0
2017-08-19,52,8748,1800,2,0,2.2222222222222223,5,33,8,3,2017,0
2017-08-20,61,8406,1800,0,0,0.0,6,33,8,3,2017,0
2017-08-21,66,8316,1800,0,0,0.0,0,34,8,3,2017,0
2017-08-22,76,8556,1800,0,0,0.0,1,34,8,3,2017,0
2017-08-23,74,7602,1800,0,0,0.0,2,34,8,3,2017,0
2017-08-24,72,9156,1800,104,14,115.55555555555554,3,34,8,3,2017,0
2017-08-25,75,7092,1800,0,0,0.0,4,34,8,3,2017,0
2017-08-26,72,8880,1800,48,0,53.333333333333336,5,34,8,3,2017,0
2017-08-27,68,7386,1800,0,0,0.0,6,34,8,3,2017,0
2017-08-28,73,7566,1800,0,0,0.0,0,35,8,3,2017,0
2017-08-29,66,9546,1800,176,86,195.55555555555554,1,35,8,3,2017,0
2017-08-30,62,6924,1800,0,0,0.0,2,35,8,3,2017,0
2017-08-31,69,7710,1800,0,0,0.0,3,35,8,3,2017,0
2017-09-01,78,9210,1800,120,30,133.33333333333331,4,35,9,4,2017,0
2017-09-02,67,8922,1800,52,0,57.77777777777777,5,35,9,4,2017,0
2017-09-03,66,9228,1800,112,22,124.44444444444444,6,35,9,4,2017,0
2017-09-04,75,8178,1800,0,0,0.0,0,36,9,4,2017,0
2017-09-05,76,8280,1800,0,0,0.0,1,36,9,4,2017,0
2017-09-06,83,8010,1800,0,0,0.0,2,36,9,4,2017,0
2017-09-07,93,7338,1800,0,0,0.0,3,36,9,4,2017,0
2017-09-08,89,6978,1800,0,0,0.0,4,36,9,4,2017,0
2017-09-09,89,7584,1800,0,0,0.0,5,36,9,4,2017,0
2017-09-10,88,8586,1800,6,0,6.666666666666667,6,36,9,4,2017,0
2017-09-11,90,8070,1800,0,0,0.0,0,37,9,4,2017,0
2017-09-12,78,8076,1800,0,0,0.0,1,37,9,4,2017,0
2017-09-13,88,9654,1800,219,129,243.33333333333331,2,37,9,4,2017,0
2017-09-14,82,6666,1800,0,0,0.0,3,37,9,4,2017,0
2017-09-15,88,8604,1800,9,0,10.0,4,37,9,4,2017,0
2017-09-16,74,8964,1800,67,0,74.44444444444444,5,37,9,4,2017,0
2017-09-17,79,6168,1800,0,0,0.0,6,37,9,4,2017,0
2017-09-18,78,8946,1800,68,0,75.55555555555556,0,38,9,4,2017,0
2017-09-19,86,7224,1800,0,0,0.0,1,38,9,4,2017,0
2017-09-20,92,8064,1800,0,0,0.0,2,38,9,4,2017,0
2017-09-21,101,8514,1800,4,0,4.444444444444445,3,38,9,4,2017,0
2017-09-22,106,7794,1800,0,0,0.0,4,38,9,4,2017,0
2017-09-23,93,8922,1800,78,0,86.66666666666667,5,38,9,4,2017,0
2017-09-24,94,6768,1800,0,0,0.0,6,38,9,4,2017,0
2017-09-25,93,7116,1800,0,0,0.0,0,39,9,4,2017,0
2017-09-26,80,8670,1800,14,0,15.555555555555555,1,39,9,4,2017,0
2017-09-27,76,7836,1800,0,0,0.0,2,39,9,4,2017,0
2017-09-28,73,6690,1800,0,0,0.0,3,39,9,4,2017,0
2017-09-29,83,8808,1800,45,0,50.0,4,39,9,4,2017,0
2017-09-30,77,8304,1800,0,0,0.0,5,39,9,4,2017,0
2017-10-01,81,9414,1800,164,74,182.22222222222223,6,39,10,4,2017,0
2017-10-02,82,8484,1800,0,0,0.0,0,40,10,4,2017,0
2017-10-03,88,8664,1800,21,0,23.333333333333332,1,40,10,4,2017,1
2017-10-04,96,8820,1800,60,0,66.66666666666666,2,40,10,4,2017,0
2017-10-05,86,9852,1800,257,167,285.55555555555554,3,40,10,4,2017,0
2017-10-06,89,8232,1800,0,0,0.0,4,40,10,4,2017,0
2017-10-07,81,6426,1800,0,0,0.0,5,40,10,4,2017,0
2017-10-08,91,7014,1800,0,0,0.0,6,40,10,4,2017,0
2017-10-09,95,9564,1800,208,118,231.1111111111111,0,41,10,4,2017,0
2017-10-10,91,8670,1800,25,0,27.77777777777778,1,41,10,4,2017,0
2017-10-11,88,7854,1800,0,0,0.0,2,41,10,4,2017,0
2017-10-12,92,7050,1800,0,0,0.0,3,41,10,4,2017,0
2017-10-13,88,6468,1800,0,0,0.0,4,41,10,4,2017,0
2017-10-14,75,6972,1800,0,0,0.0,5,41,10,4,2017,0
2017-10-15,88,7908,1800,0,0,0.0,6,41,10,4,2017,0
2017-10-16,96,9054,1800,107,17,118.88888888888889,0,42,10,4,2017,0
2017-10-17,94,7728,1800,0,0,0.0,1,42,10,4,2017,0
2017-10-18,93,7518,1800,0,0,0.0,2,42,10,4,2017,0
2017-10-19,93,8472,1800,0,0,0.0,3,42,10,4,2017,0
2017-10-20,97,7434,1800,0,0,0.0,4,42,10,4,2017,0
2017-10-21,96,6966,1800,0,0,0.0,5,42,10,4,2017,0
2017-10-22,95,7062,1800,0,0,0.0,6,42,10,4,2017,0
2017-10-23,89,7596,1800,0,0,0.0,0,43,10,4,2017,0
2017-10-24,81,8346,1800,0,0,0.0,1,43,10,4,2017,0
2017-10-25,78,7608,1800,0,0,0.0,2,43,10,4,2017,0
2017-10-26,77,7854,1800,0,0,0.0,3,43,10,4,2017,0
2017-10-27,73,8502,1800,0,0,0.0,4,43,10,4,2017,0
2017-10-28,64,6462,1800,0,0,0.0,5,43,10,4,2017,0
2017-10-29,119,7764,1800,0,0,0.0,6,43,10,4,2017,0
2017-10-30,64,9258,1800,116,26,128.88888888888889,0,44,10,4,2017,0
2017-10-31,64,7200,1800,0,0,0.0,1,44,10,4,2017,1
2017-11-01,57,9930,1800,243,153,270.0,2,44,11,4,2017,0
2017-11-02,60,8766,1800,14,0,15.555555555555555,3,44,11,4,2017,0
2017-11-03,62,9468,1800,156,66,173.33333333333334,4,44,11,4,2017,0
2017-11-04,49,7650,1800,0,0,0.0,5,44,11,4,2017,0
2017-11-05,61,7086,1800,0,0,0.0,6,44,11,4,2017,0
2017-11-06,64,7494,1800,0,0,0.0,0,45,11,4,2017,0
2017-11-07,64,7638,1800,0,0,0.0,1,45,11,4,2017,0
2017-11-08,58,7128,1800,0,0,0.0,2,45,11,4,2017,0
2017-11-09,73,6360,1800,0,0,0.0,3,45,11,4,2017,0
2017-11-10,68,6930,1800,0,0,0.0,4,45,11,4,2017,0
2017-11-11,64,7170,1800,0,0,0.0,5,45,11,4,2017,0
2017-11-12,61,6360,1800,0,0,0.0,6,45,11,4,2017,0
2017-11-13,61,8610,1800,0,0,0.0,0,46,11,4,2017,0
2017-11-14,63,8322,1800,0,0,0.0,1,46,11,4,2017,0
2017-11-15,68,7206,1800,0,0,0.0,2,46,11,4,2017,0
2017-11-16,65,7182,1800,0,0,0.0,3,46,11,4,2017,0
2017-11-17,73,6870,1800,0,0,0.0,4,46,11,4,2017,0
2017-11-18,65,6294,1800,0,0,0.0,5,46,11,4,2017,0
2017-11-19,67,5724,1800,0,0,0.0,6,46,11,4,2017,0
2017-11-20,70,6126,1800,0,0,0.0,0,47,11,4,2017,0
2017-11-21,70,7740,1800,0,0,0.0,1,47,11,4,2017,0
2017-11-22,62,7674,1800,0,0,0.0,2,47,11,4,2017,0
2017-11-23,59,6048,1800,0,0,0.0,3,47,11,4,2017,0
2017-11-24,60,6402,1800,0,0,0.0,4,47,11,4,2017,0
2017-11-25,52,6444,1800,0,0,0.0,5,47,11,4,2017,0
2017-11-26,62,5532,1800,0,0,0.0,6,47,11,4,2017,0
2017-11-27,72,6042,1800,0,0,0.0,0,48,11,4,2017,0
2017-11-28,70,7632,1800,0,0,0.0,1,48,11,4,2017,0
2017-11-29,67,6150,1800,0,0,0.0,2,48,11,4,2017,0
2017-11-30,67,7620,1800,0,0,0.0,3,48,11,4,2017,0
2017-12-01,69,8082,1800,0,0,0.0,4,48,12,1,2017,0
2017-12-02,62,6030,1800,0,0,0.0,5,48,12,1,2017,0
2017-12-03,66,6312,1800,0,0,0.0,6,48,12,1,2017,0
2017-12-04,76,7158,1800,0,0,0.0,0,49,12,1,2017,0
2017-12-05,71,8406,1800,0,0,0.0,1,49,12,1,2017,0
2017-12-06,66,7644,1800,0,0,0.0,2,49,12,1,2017,0
2017-12-07,69,6954,1800,0,0,0.0,3,49,12,1,2017,0
2017-12-08,59,6714,1800,0,0,0.0,4,49,12,1,2017,0
2017-12-09,57,7338,1800,0,0,0.0,5,49,12,1,2017,0
2017-12-10,66,6390,1800,0,0,0.0,6,49,12,1,2017,0
2017-12-11,68,6162,1800,0,0,0.0,0,50,12,1,2017,0
2017-12-12,67,7602,1800,0,0,0.0,1,50,12,1,2017,0
2017-12-13,69,6450,1800,0,0,0.0,2,50,12,1,2017,0
2017-12-14,79,6480,1800,0,0,0.0,3,50,12,1,2017,0
2017-12-15,83,5556,1800,0,0,0.0,4,50,12,1,2017,0
2017-12-16,74,7620,1800,0,0,0.0,5,50,12,1,2017,0
2017-12-17,75,5364,1800,0,0,0.0,6,50,12,1,2017,0
2017-12-18,83,6096,1800,0,0,0.0,0,51,12,1,2017,0
2017-12-19,82,5988,1800,0,0,0.0,1,51,12,1,2017,0
2017-12-20,78,6714,1800,0,0,0.0,2,51,12,1,2017,0
2017-12-21,83,7800,1800,0,0,0.0,3,51,12,1,2017,0
2017-12-22,81,7062,1800,0,0,0.0,4,51,12,1,2017,0
2017-12-23,65,7152,1800,0,0,0.0,5,51,12,1,2017,0
2017-12-24,57,4854,1800,0,0,0.0,6,51,12,1,2017,0
2017-12-25,60,7692,1800,0,0,0.0,0,52,12,1,2017,1
2017-12-26,62,5814,1800,0,0,0.0,1,52,12,1,2017,1
2017-12-27,76,6558,1800,0,0,0.0,2,52,12,1,2017,0
2017-12-28,81,6978,1800,0,0,0.0,3,52,12,1,2017,0
2017-12-29,75,7494,1800,0,0,0.0,4,52,12,1,2017,0
2017-12-30,71,6432,1800,0,0,0.0,5,52,12,1,2017,0
2017-12-31,71,4908,1800,0,0,0.0,6,52,12,1,2017,0
2018-01-01,64,9006,1900,0,0,0.0,0,1,1,1,2018,1
2018-01-02,75,7224,1900,0,0,0.0,1,1,1,1,2018,0
2018-01-03,74,6480,1900,0,0,0.0,2,1,1,1,2018,0
2018-01-04,80,6756,1900,0,0,0.0,3,1,1,1,2018,0
2018-01-05,80,8436,1900,0,0,0.0,4,1,1,1,2018,0
2018-01-06,76,7506,1900,0,0,0.0,5,1,1,1,2018,0
2018-01-07,81,7476,1900,0,0,0.0,6,1,1,1,2018,0
2018-01-08,90,8412,1900,0,0,0.0,0,2,1,1,2018,0
2018-01-09,83,8202,1900,0,0,0.0,1,2,1,1,2018,0
2018-01-10,82,8460,1900,0,0,0.0,2,2,1,1,2018,0
2018-01-11,80,6834,1900,0,0,0.0,3,2,1,1,2018,0
2018-01-12,82,7374,1900,0,0,0.0,4,2,1,1,2018,0
2018-01-13,73,6642,1900,0,0,0.0,5,2,1,1,2018,0
2018-01-14,84,6756,1900,0,0,0.0,6,2,1,1,2018,0
2018-01-15,90,6804,1900,0,0,0.0,0,3,1,1,2018,0
2018-01-16,90,8040,1900,0,0,0.0,1,3,1,1,2018,0
2018-01-17,83,5742,1900,0,0,0.0,2,3,1,1,2018,0
2018-01-18,86,8034,1900,0,0,0.0,3,3,1,1,2018,0
2018-01-19,93,8088,1900,0,0,0.0,4,3,1,1,2018,0
2018-01-20,78,5808,1900,0,0,0.0,5,3,1,1,2018,0
2018-01-21,85,6864,1900,0,0,0.0,6,3,1,1,2018,0
2018-01-22,75,5514,1900,0,0,0.0,0,4,1,1,2018,0
2018-01-23,66,5838,1900,0,0,0.0,1,4,1,1,2018,0
2018-01-24,69,6486,1900,0,0,0.0,2,4,1,1,2018,0
2018-01-25,68,5334,1900,0,0,0.0,3,4,1,1,2018,0
2018-01-26,65,6618,1900,0,0,0.0,4,4,1,1,2018,0
2018-01-27,65,6864,1900,0,0,0.0,5,4,1,1,2018,0
2018-01-28,73,6390,1900,0,0,0.0,6,4,1,1,2018,0
2018-01-29,80,7416,1900,0,0,0.0,0,5,1,1,2018,0
2018-01-30,81,5484,1900,0,0,0.0,1,5,1,1,2018,0
2018-01-31,84,6438,1900,0,0,0.0,2,5,1,1,2018,0
2018-02-01,70,8400,1900,0,0,0.0,3,5,2,1,2018,0
2018-02-02,77,7938,1900,0,0,0.0,4,5,2,1,2018,0
2018-02-03,63,8616,1900,0,0,0.0,5,5,2,1,2018,0
2018-02-04,71,7686,1900,0,0,0.0,6,5,2,1,2018,0
2018-02-05,70,7548,1900,0,0,0.0,0,6,2,1,2018,0
2018-02-06,69,7416,1900,0,0,0.0,1,6,2,1,2018,0
2018-02-07,69,6960,1900,0,0,0.0,2,6,2,1,2018,0
2018-02-08,73,7962,1900,0,0,0.0,3,6,2,1,2018,0
2018-02-09,66,8310,1900,0,0,0.0,4,6,2,1,2018,0
2018-02-10,56,8010,1900,0,0,0.0,5,6,2,1,2018,0
2018-02-11,66,6606,1900,0,0,0.0,6,6,2,1,2018,0
2018-02-12,75,6576,1900,0,0,0.0,0,7,2,1,2018,0
2018-02-13,58,7410,1900,0,0,0.0,1,7,2,1,2018,0
2018-02-14,64,7038,1900,0,0,0.0,2,7,2,1,2018,0
2018-02-15,60,7176,1900,0,0,0.0,3,7,2,1,2018,0
2018-02-16,75,5868,1900,0,0,0.0,4,7,2,1,2018,0
2018-02-17,64,7788,1900,0,0,0.0,5,7,2,1,2018,0
2018-02-18,65,7284,1900,0,0,0.0,6,7,2,1,2018,0
2018-02-19,67,8076,1900,0,0,0.0,0,8,2,1,2018,0
2018-02-20,67,6678,1900,0,0,0.0,1,8,2,1,2018,0
2018-02-21,75,8784,1900,0,0,0.0,2,8,2,1,2018,0
2018-02-22,68,5958,1900,0,0,0.0,3,8,2,1,2018,0
2018-02-23,71,8634,1900,0,0,0.0,4,8,2,1,2018,0
2018-02-24,71,5868,1900,0,0,0.0,5,8,2,1,2018,0
2018-02-25,79,5634,1900,0,0,0.0,6,8,2,1,2018,0
2018-02-26,79,6066,1900,0,0,0.0,0,9,2,1,2018,0
2018-02-27,80,8544,1900,0,0,0.0,1,9,2,1,2018,0
2018-02-28,85,8880,1900,0,0,0.0,2,9,2,1,2018,0
2018-03-01,78,10152,1900,209,119,232.22222222222223,3,9,3,2,2018,0
2018-03-02,80,8802,1900,0,0,0.0,4,9,3,2,2018,0
2018-03-03,72,7980,1900,0,0,0.0,5,9,3,2,2018,0
2018-03-04,74,7752,1900,0,0,0.0,6,9,3,2,2018,0
2018-03-05,78,9588,1900,96,6,106.66666666666667,0,10,3,2,2018,0
2018-03-06,69,8406,1900,0,0,0.0,1,10,3,2,2018,0
2018-03-07,76,9462,1900,69,0,76.66666666666667,2,10,3,2,2018,0
2018-03-08,80,7368,1900,0,0,0.0,3,10,3,2,2018,0
2018-03-09,87,7782,1900,0,0,0.0,4,10,3,2,2018,0
2018-03-10,76,8196,1900,0,0,0.0,5,10,3,2,2018,0
2018-03-11,68,7704,1900,0,0,0.0,6,10,3,2,2018,0
2018-03-12,68,9072,1900,0,0,0.0,0,11,3,2,2018,0
2018-03-13,68,9480,1900,64,0,71.11111111111111,1,11,3,2,2018,0
2018-03-14,78,7134,1900,0,0,0.0,2,11,3,2,2018,0
2018-03-15,84,9306,1900,46,0,51.11111111111111,3,11,3,2,2018,0
2018-03-16,82,7602,1900,0,0,0.0,4,11,3,2,2018,0
2018-03-17,72,7932,1900,0,0,0.0,5,11,3,2,2018,0
2018-03-18,74,7920,1900,0,0,0.0,6,11,3,2,2018,0
2018-03-19,76,8646,1900,0,0,0.0,0,12,3,2,2018,0
2018-03-20,88,6708,1900,0,0,0.0,1,12,3,2,2018,0
2018-03-21,94,8166,1900,0,0,0.0,2,12,3,2,2018,0
2018-03-22,88,7116,1900,0,0,0.0,3,12,3,2,2018,0
2018-03-23,100,7290,1900,0,0,0.0,4,12,3,2,2018,0
2018-03-24,84,6612,1900,0,0,0.0,5,12,3,2,2018,0
2018-03-25,83,7248,1900,0,0,0.0,6,12,3,2,2018,0
2018-03-26,74,7680,1900,0,0,0.0,0,13,3,2,2018,0
2018-03-27,70,7470,1900,0,0,0.0,1,13,3,2,2018,0
2018-03-28,69,6876,1900,0,0,0.0,2,13,3,2,2018,0
2018-03-29,81,8190,1900,0,0,0.0,3,13,3,2,2018,0
2018-03-30,89,8526,1900,0,0,0.0,4,13,3,2,2018,1
2018-03-31,72,8010,1900,0,0,0.0,5,13,3,2,2018,0
2018-04-01,64,9522,1900,69,0,76.66666666666667,6,13,4,2,2018,0
2018-04-02,58,9642,1900,87,0,96.66666666666667,0,14,4,2,2018,1
2018-04-03,65,9048,1900,0,0,0.0,1,14,4,2,2018,0
2018-04-04,62,10566,1900,276,186,306.6666666666667,2,14,4,2,2018,0
2018-04-05,65,7932,1900,0,0,0.0,3,14,4,2,2018,0
2018-04-06,67,9654,1900,98,8,108.88888888888889,4,14,4,2,2018,0
2018-04-07,68,8202,1900,0,0,0.0,5,14,4,2,2018,0
2018-04-08,70,8268,1900,0,0,0.0,6,14,4,2,2018,0
2018-04-09,74,9438,1900,62,0,68.88888888888889,0,15,4,2,2018,0
2018-04-10,66,8580,1900,0,0,0.0,1,15,4,2,2018,0
2018-04-11,70,7686,1900,0,0,0.0,2,15,4,2,2018,0
2018-04-12,73,10080,1900,189,99,210.0,3,15,4,2,2018,0
2018-04-13,72,8454,1900,0,0,0.0,4,15,4,2,2018,0
2018-04-14,64,8490,1900,0,0,0.0,5,15,4,2,2018,0
2018-04-15,65,7782,1900,0,0,0.0,6,15,4,2,2018,0
2018-04-16,60,8160,1900,0,0,0.0,0,16,4,2,2018,0
2018-04-17,56,10068,1900,170,80,188.88888888888889,1,16,4,2,2018,0
2018-04-18,64,8352,1900,0,0,0.0,2,16,4,2,2018,0
2018-04-19,64,7080,1900,0,0,0.0,3,16,4,2,2018,0
2018-04-20,61,9534,1900,68,0,75.55555555555556,4,16,4,2,2018,0
2018-04-21,57,9288,1900,15,0,16.666666666666664,5,16,4,2,2018,0
2018-04-22,58,8760,1900,0,0,0.0,6,16,4,2,2018,0
2018-04-23,57,8136,1900,0,0,0.0,0,17,4,2,2018,0
2018-04-24,52,8412,1900,0,0,0.0,1,17,4,2,2018,0
2018-04-25,55,9174,1900,0,0,0.0,2,17,4,2,2018,0
2018-04-26,58,9522,1900,63,0,70.0,3,17,4,2,2018,0
2018-04-27,55,8220,1900,0,0,0.0,4,17,4,2,2018,0
2018-04-28,54,8178,1900,0,0,0.0,5,17,4,2,2018,0
2018-04-29,55,8412,1900,0,0,0.0,6,17,4,2,2018,0
2018-04-30,60,9504,1900,61,0,67.77777777777779,0,18,4,2,2018,0
2018-05-01,65,9714,1900,108,18,120.0,1,18,5,2,2018,1
2018-05-02,74,8880,1900,0,0,0.0,2,18,5,2,2018,0
2018-05-03,78,8652,1900,0,0,0.0,3,18,5,2,2018,0
2018-05-04,76,9078,1900,0,0,0.0,4,18,5,2,2018,0
2018-05-05,71,9642,1900,100,10,111.11111111111111,5,18,5,2,2018,0
2018-05-06,72,9882,1900,149,59,165.55555555555554,6,18,5,2,2018,0
2018-05-07,70,10320,1900,234,144,260.0,0,19,5,2,2018,0
2018-05-08,55,9078,1900,0,0,0.0,1,19,5,2,2018,0
2018-05-09,53,8358,1900,0,0,0.0,2,19,5,2,2018,0
2018-05-10,53,8562,1900,0,0,0.0,3,19,5,2,2018,1
2018-05-11,55,8268,1900,0,0,0.0,4,19,5,2,2018,0
2018-05-12,49,9432,1900,36,0,40.0,5,19,5,2,2018,0
2018-05-13,56,8190,1900,0,0,0.0,6,19,5,2,2018,0
2018-05-14,63,8244,1900,0,0,0.0,0,20,5,2,2018,0
2018-05-15,63,7992,1900,0,0,0.0,1,20,5,2,2018,0
2018-05-16,60,9480,1900,56,0,62.22222222222222,2,20,5,2,2018,0
2018-05-17,66,7518,1900,0,0,0.0,3,20,5,2,2018,0
2018-05-18,68,9942,1900,157,67,174.44444444444446,4,20,5,2,2018,0
2018-05-19,73,6822,1900,0,0,0.0,5,20,5,2,2018,0
2018-05-20,78,8460,1900,0,0,0.0,6,20,5,2,2018,0
2018-05-21,78,9654,1900,109,19,121.1111111111111,0,21,5,2,2018,1
2018-05-22,83,8442,1900,0,0,0.0,1,21,5,2,2018,0
2018-05-23,80,7422,1900,0,0,0.0,2,21,5,2,2018,0
2018-05-24,90,8814,1900,0,0,0.0,3,21,5,2,2018,0
2018-05-25,102,7572,1900,0,0,0.0,4,21,5,2,2018,0
2018-05-26,89,8136,1900,0,0,0.0,5,21,5,2,2018,0
2018-05-27,88,7428,1900,0,0,0.0,6,21,5,2,2018,0
2018-05-28,80,8862,1900,0,0,0.0,0,22,5,2,2018,0
2018-05-29,70,8226,1900,0,0,0.0,1,22,5,2,2018,0
2018-05-30,68,8064,1900,0,0,0.0,2,22,5,2,2018,0
2018-05-31,67,7392,1900,0,0,0.0,3,22,5,2,2018,0
2018-06-01,66,10752,1900,317,227,352.22222222222223,4,22,6,3,2018,0
2018-06-02,60,8766,1900,0,0,0.0,5,22,6,3,2018,0
2018-06-03,71,9834,1900,138,48,153.33333333333334,6,22,6,3,2018,0
2018-06-04,80,11370,1900,454,364,504.44444444444446,0,23,6,3,2018,0
2018-06-05,71,10020,1900,175,85,194.44444444444443,1,23,6,3,2018,0
2018-06-06,77,9180,1900,13,0,14.444444444444443,2,23,6,3,2018,0
2018-06-07,77,8718,1900,0,0,0.0,3,23,6,3,2018,0
2018-06-08,78,8208,1900,0,0,0.0,4,23,6,3,2018,0
2018-06-09,79,9318,1900,43,0,47.77777777777778,5,23,6,3,2018,0
2018-06-10,90,7068,1900,0,0,0.0,6,23,6,3,2018,0
2018-06-11,78,9012,1900,0,0,0.0,0,24,6,3,2018,0
2018-06-12,72,10380,1900,248,158,275.55555555555554,1,24,6,3,2018,0
2018-06-13,80,10638,1900,308,218,342.22222222222223,2,24,6,3,2018,0
2018-06-14,78,8826,1900,0,0,0.0,3,24,6,3,2018,0
2018-06-15,85,8994,1900,0,0,0.0,4,24,6,3,2018,0
2018-06-16,82,8196,1900,0,0,0.0,5,24,6,3,2018,0
2018-06-17,89,7488,1900,0,0,0.0,6,24,6,3,2018,0
2018-06-18,86,8382,1900,0,0,0.0,0,25,6,3,2018,0
2018-06-19,85,10452,1900,276,186,306.6666666666667,1,25,6,3,2018,0
2018-06-20,90,9060,1900,2,0,2.2222222222222223,2,25,6,3,2018,0
2018-06-21,90,7902,1900,0,0,0.0,3,25,6,3,2018,0
2018-06-22,91,7356,1900,0,0,0.0,4,25,6,3,2018,0
2018-06-23,86,9600,1900,106,16,117.77777777777779,5,25,6,3,2018,0
2018-06-24,86,8148,1900,0,0,0.0,6,25,6,3,2018,0
2018-06-25,100,10122,1900,225,135,250.0,0,26,6,3,2018,0
2018-06-26,85,9948,1900,175,85,194.44444444444443,1,26,6,3,2018,0
2018-06-27,86,8070,1900,0,0,0.0,2,26,6,3,2018,0
2018-06-28,82,9588,1900,100,10,111.11111111111111,3,26,6,3,2018,0
2018-06-29,89,9510,1900,91,1,101.11111111111111,4,26,6,3,2018,0
2018-06-30,90,7692,1900,0,0,0.0,5,26,6,3,2018,0
2018-07-01,81,9240,1900,29,0,32.22222222222222,6,26,7,3,2018,0
2018-07-02,80,10416,1900,264,174,293.3333333333333,0,27,7,3,2018,0
2018-07-03,70,8694,1900,0,0,0.0,1,27,7,3,2018,0
2018-07-04,60,8844,1900,0,0,0.0,2,27,7,3,2018,0
2018-07-05,63,8544,1900,0,0,0.0,3,27,7,3,2018,0
2018-07-06,71,9462,1900,64,0,71.11111111111111,4,27,7,3,2018,0
2018-07-07,72,9420,1900,56,0,62.22222222222222,5,27,7,3,2018,0
2018-07-08,78,8418,1900,0,0,0.0,6,27,7,3,2018,0
2018-07-09,83,9336,1900,51,0,56.666666666666664,0,28,7,3,2018,0
2018-07-10,78,9768,1900,132,42,146.66666666666666,1,28,7,3,2018,0
2018-07-11,84,9348,1900,54,0,60.0,2,28,7,3,2018,0
2018-07-12,80,10572,1900,295,205,327.77777777777777,3,28,7,3,2018,0
2018-07-13,66,9300,1900,26,0,28.888888888888886,4,28,7,3,2018,0
2018-07-14,66,10050,1900,176,86,195.55555555555554,5,28,7,3,2018,0
2018-07-15,73,8742,1900,0,0,0.0,6,28,7,3,2018,0
2018-07-16,70,9960,1900,162,72,180.0,0,29,7,3,2018,0
2018-07-17,62,9210,1900,4,0,4.444444444444445,1,29,7,3,2018,0
2018-07-18,65,9354,1900,36,0,40.0,2,29,7,3,2018,0
2018-07-19,75,9378,1900,51,0,56.666666666666664,3,29,7,3,2018,0
2018-07-20,72,7740,1900,0,0,0.0,4,29,7,3,2018,0
2018-07-21,65,8550,1900,0,0,0.0,5,29,7,3,2018,0
2018-07-22,62,6978,1900,0,0,0.0,6,29,7,3,2018,0
2018-07-23,69,8148,1900,0,0,0.0,0,30,7,3,2018,0
2018-07-24,69,9396,1900,49,0,54.44444444444444,1,30,7,3,2018,0
2018-07-25,69,8586,1900,0,0,0.0,2,30,7,3,2018,0
2018-07-26,78,8322,1900,0,0,0.0,3,30,7,3,2018,0
2018-07-27,82,7872,1900,0,0,0.0,4,30,7,3,2018,0
2018-07-28,77,7110,1900,0,0,0.0,5,30,7,3,2018,0
2018-07-29,91,8376,1900,0,0,0.0,6,30,7,3,2018,0
2018-07-30,92,8442,1900,0,0,0.0,0,31,7,3,2018,0
2018-07-31,87,8394,1900,0,0,0.0,1,31,7,3,2018,0
2018-08-01,75,9114,1900,0,0,0.0,2,31,8,3,2018,0
2018-08-02,79,9024,1900,0,0,0.0,3,31,8,3,2018,0
2018-08-03,77,9780,1900,133,43,147.77777777777777,4,31,8,3,2018,0
2018-08-04,64,8946,1900,0,0,0.0,5,31,8,3,2018,0
2018-08-05,61,9054,1900,0,0,0.0,6,31,8,3,2018,0
2018-08-06,68,8322,1900,0,0,0.0,0,32,8,3,2018,0
2018-08-07,69,9108,1900,0,0,0.0,1,32,8,3,2018,0
2018-08-08,74,8676,1900,0,0,0.0,2,32,8,3,2018,0
2018-08-09,75,7926,1900,0,0,0.0,3,32,8,3,2018,0
2018-08-10,74,8406,1900,0,0,0.0,4,32,8,3,2018,0
2018-08-11,59,7692,1900,0,0,0.0,5,32,8,3,2018,0
2018-08-12,63,8070,1900,0,0,0.0,6,32,8,3,2018,0
2018-08-13,64,8016,1900,0,0,0.0,0,33,8,3,2018,0
2018-08-14,58,10146,1900,188,98,208.8888888888889,1,33,8,3,2018,0
2018-08-15,53,8304,1900,0,0,0.0,2,33,8,3,2018,0
2018-08-16,56,9648,1900,86,0,95.55555555555556,3,33,8,3,2018,0
2018-08-17,62,7842,1900,0,0,0.0,4,33,8,3,2018,0
2018-08-18,66,7470,1900,0,0,0.0,5,33,8,3,2018,0
2018-08-19,75,9228,1900,21,0,23.333333333333332,6,33,8,3,2018,0
2018-08-20,79,8304,1900,0,0,0.0,0,34,8,3,2018,0
2018-08-21,71,9996,1900,171,81,190.0,1,34,8,3,2018,0
2018-08-22,79,9354,1900,50,0,55.55555555555556,2,34,8,3,2018,0
2018-08-23,83,9786,1900,141,51,156.66666666666666,3,34,8,3,2018,0
2018-08-24,89,9072,1900,4,0,4.444444444444445,4,34,8,3,2018,0
2018-08-25,82,9558,1900,94,4,104.44444444444446,5,34,8,3,2018,0
2018-08-26,95,8712,1900,0,0,0.0,6,34,8,3,2018,0
2018-08-27,90,9138,1900,18,0,20.0,0,35,8,3,2018,0
2018-08-28,92,8652,1900,0,0,0.0,1,35,8,3,2018,0
2018-08-29,80,8064,1900,0,0,0.0,2,35,8,3,2018,0
2018-08-30,77,8244,1900,0,0,0.0,3,35,8,3,2018,0
2018-08-31,87,9780,1900,143,53,158.88888888888889,4,35,8,3,2018,0
2018-09-01,84,10644,1900,313,223,347.77777777777777,5,35,9,4,2018,0
2018-09-02,83,10002,1900,184,94,204.44444444444443,6,35,9,4,2018,0
2018-09-03,85,10656,1900,317,227,352.22222222222223,0,36,9,4,2018,0
2018-09-04,80,9270,1900,34,0,37.77777777777778,1,36,9,4,2018,0
2018-09-05,82,10752,1900,333,243,370.0,2,36,9,4,2018,0
2018-09-06,88,9966,1900,182,92,202.22222222222223,3,36,9,4,2018,0
2018-09-07,91,9336,1900,59,0,65.55555555555556,4,36,9,4,2018,0
2018-09-08,85,8970,1900,0,0,0.0,5,36,9,4,2018,0
2018-09-09,94,8622,1900,0,0,0.0,6,36,9,4,2018,0
2018-09-10,102,7896,1900,0,0,0.0,0,37,9,4,2018,0
2018-09-11,90,9504,1900,91,1,101.11111111111111,1,37,9,4,2018,0
2018-09-12,91,9606,1900,113,23,125.55555555555556,2,37,9,4,2018,0
2018-09-13,97,8010,1900,0,0,0.0,3,37,9,4,2018,0
2018-09-14,100,7662,1900,0,0,0.0,4,37,9,4,2018,0
2018-09-15,97,7746,1900,0,0,0.0,5,37,9,4,2018,0
2018-09-16,93,9120,1900,17,0,18.88888888888889,6,37,9,4,2018,0
2018-09-17,90,7680,1900,0,0,0.0,0,38,9,4,2018,0
2018-09-18,89,8892,1900,0,0,0.0,1,38,9,4,2018,0
2018-09-19,107,8040,1900,0,0,0.0,2,38,9,4,2018,0
2018-09-20,116,8784,1900,0,0,0.0,3,38,9,4,2018,0
2018-09-21,116,9108,1900,38,0,42.22222222222222,4,38,9,4,2018,0
2018-09-22,102,9438,1900,90,0,100.0,5,38,9,4,2018,0
2018-09-23,104,6420,1900,0,0,0.0,6,38,9,4,2018,0
2018-09-24,104,8700,1900,0,0,0.0,0,39,9,4,2018,0
2018-09-25,106,9228,1900,52,0,57.77777777777777,1,39,9,4,2018,0
2018-09-26,104,8364,1900,0,0,0.0,2,39,9,4,2018,0
2018-09-27,106,7800,1900,0,0,0.0,3,39,9,4,2018,0
2018-09-28,114,7278,1900,0,0,0.0,4,39,9,4,2018,0
2018-09-29,100,7224,1900,0,0,0.0,5,39,9,4,2018,0
2018-09-30,102,7734,1900,0,0,0.0,6,39,9,4,2018,0
2018-10-01,100,9456,1900,92,2,102.22222222222221,0,40,10,4,2018,0
2018-10-02,89,9036,1900,0,0,0.0,1,40,10,4,2018,0
2018-10-03,94,8592,1900,0,0,0.0,2,40,10,4,2018,1
2018-10-04,93,10188,1900,231,141,256.6666666666667,3,40,10,4,2018,0
2018-10-05,92,8964,1900,0,0,0.0,4,40,10,4,2018,0
2018-10-06,77,7764,1900,0,0,0.0,5,40,10,4,2018,0
2018-10-07,85,7518,1900,0,0,0.0,6,40,10,4,2018,0
2018-10-08,93,9990,1900,191,101,212.22222222222223,0,41,10,4,2018,0
2018-10-09,97,9870,1900,171,81,190.0,1,41,10,4,2018,0
2018-10-10,97,7896,1900,0,0,0.0,2,41,10,4,2018,0
2018-10-11,103,7302,1900,0,0,0.0,3,41,10,4,2018,0
2018-10-12,106,7506,1900,0,0,0.0,4,41,10,4,2018,0
2018-10-13,93,9318,1900,57,0,63.33333333333333,5,41,10,4,2018,0
2018-10-14,99,8124,1900,0,0,0.0,6,41,10,4,2018,0
2018-10-15,102,7194,1900,0,0,0.0,0,42,10,4,2018,0
2018-10-16,97,9300,1900,57,0,63.33333333333333,1,42,10,4,2018,0
2018-10-17,97,9834,1900,164,74,182.22222222222223,2,42,10,4,2018,0
2018-10-18,100,8874,1900,0,0,0.0,3,42,10,4,2018,0
2018-10-19,109,6852,1900,0,0,0.0,4,42,10,4,2018,0
2018-10-20,98,6816,1900,0,0,0.0,5,42,10,4,2018,0
2018-10-21,103,8832,1900,0,0,0.0,6,42,10,4,2018,0
2018-10-22,102,7968,1900,0,0,0.0,0,43,10,4,2018,0
2018-10-23,98,9468,1900,92,2,102.22222222222221,1,43,10,4,2018,0
2018-10-24,90,7074,1900,0,0,0.0,2,43,10,4,2018,0
2018-10-25,78,7512,1900,0,0,0.0,3,43,10,4,2018,0
2018-10-26,81,7092,1900,0,0,0.0,4,43,10,4,2018,0
2018-10-27,79,8766,1900,0,0,0.0,5,43,10,4,2018,0
2018-10-28,87,7710,1900,0,0,0.0,6,43,10,4,2018,0
2018-10-29,93,7662,1900,0,0,0.0,0,44,10,4,2018,0
2018-10-30,82,7164,1900,0,0,0.0,1,44,10,4,2018,0
2018-10-31,85,8502,1900,0,0,0.0,2,44,10,4,2018,0
2018-11-01,77,9174,1900,12,0,13.333333333333334,3,44,11,4,2018,0
2018-11-02,75,10140,1900,203,113,225.55555555555554,4,44,11,4,2018,0
2018-11-03,70,7806,1900,0,0,0.0,5,44,11,4,2018,0
2018-11-04,72,9168,1900,6,0,6.666666666666667,6,44,11,4,2018,0
2018-11-05,75,7752,1900,0,0,0.0,0,45,11,4,2018,0
2018-11-06,62,9132,1900,0,0,0.0,1,45,11,4,2018,0
2018-11-07,57,7638,1900,0,0,0.0,2,45,11,4,2018,0
2018-11-08,58,7188,1900,0,0,0.0,3,45,11,4,2018,0
2018-11-09,66,7722,1900,0,0,0.0,4,45,11,4,2018,0
2018-11-10,60,9150,1900,0,0,0.0,5,45,11,4,2018,0
2018-11-11,67,8880,1900,0,0,0.0,6,45,11,4,2018,0
2018-11-12,75,7614,1900,0,0,0.0,0,46,11,4,2018,0
2018-11-13,63,8322,1900,0,0,0.0,1,46,11,4,2018,0
2018-11-14,61,7614,1900,0,0,0.0,2,46,11,4,2018,0
2018-11-15,66,7146,1900,0,0,0.0,3,46,11,4,2018,0
2018-11-16,78,6558,1900,0,0,0.0,4,46,11,4,2018,0
2018-11-17,71,6882,1900,0,0,0.0,5,46,11,4,2018,0
2018-11-18,74,8610,1900,0,0,0.0,6,46,11,4,2018,0
2018-11-19,88,9120,1900,12,0,13.333333333333334,0,47,11,4,2018,0
2018-11-20,79,7200,1900,0,0,0.0,1,47,11,4,2018,0
2018-11-21,72,8034,1900,0,0,0.0,2,47,11,4,2018,0
2018-11-22,72,9060,1900,0,0,0.0,3,47,11,4,2018,0
2018-11-23,73,6690,1900,0,0,0.0,4,47,11,4,2018,0
2018-11-24,63,7812,1900,0,0,0.0,5,47,11,4,2018,0
2018-11-25,74,7740,1900,0,0,0.0,6,47,11,4,2018,0
2018-11-26,72,8046,1900,0,0,0.0,0,48,11,4,2018,0
2018-11-27,81,6810,1900,0,0,0.0,1,48,11,4,2018,0
2018-11-28,78,8598,1900,0,0,0.0,2,48,11,4,2018,0
2018-11-29,78,7716,1900,0,0,0.0,3,48,11,4,2018,0
2018-11-30,91,7518,1900,0,0,0.0,4,48,11,4,2018,0
2018-12-01,72,9678,1900,108,18,120.0,5,48,12,1,2018,0
2018-12-02,79,7812,1900,0,0,0.0,6,48,12,1,2018,0
2018-12-03,88,9486,1900,86,0,95.55555555555556,0,49,12,1,2018,0
2018-12-04,90,7896,1900,0,0,0.0,1,49,12,1,2018,0
2018-12-05,85,8076,1900,0,0,0.0,2,49,12,1,2018,0
2018-12-06,81,8220,1900,0,0,0.0,3,49,12,1,2018,0
2018-12-07,84,8268,1900,0,0,0.0,4,49,12,1,2018,0
2018-12-08,73,8292,1900,0,0,0.0,5,49,12,1,2018,0
2018-12-09,74,6024,1900,0,0,0.0,6,49,12,1,2018,0
2018-12-10,87,8616,1900,0,0,0.0,0,50,12,1,2018,0
2018-12-11,88,6942,1900,0,0,0.0,1,50,12,1,2018,0
2018-12-12,95,6516,1900,0,0,0.0,2,50,12,1,2018,0
2018-12-13,101,8010,1900,0,0,0.0,3,50,12,1,2018,0
2018-12-14,85,6552,1900,0,0,0.0,4,50,12,1,2018,0
2018-12-15,72,6102,1900,0,0,0.0,5,50,12,1,2018,0
2018-12-16,83,5850,1900,0,0,0.0,6,50,12,1,2018,0
2018-12-17,94,8532,1900,0,0,0.0,0,51,12,1,2018,0
2018-12-18,94,8238,1900,0,0,0.0,1,51,12,1,2018,0
2018-12-19,100,8982,1900,0,0,0.0,2,51,12,1,2018,0
2018-12-20,95,7620,1900,0,0,0.0,3,51,12,1,2018,0
2018-12-21,106,5844,1900,0,0,0.0,4,51,12,1,2018,0
2018-12-22,85,5904,1900,0,0,0.0,5,51,12,1,2018,0
2018-12-23,76,6684,1900,0,0,0.0,6,51,12,1,2018,0
2018-12-24,59,7392,1900,0,0,0.0,0,52,12,1,2018,0
2018-12-25,58,7008,1900,0,0,0.0,1,52,12,1,2018,1
2018-12-26,63,6744,1900,0,0,0.0,2,52,12,1,2018,1
2018-12-27,74,8316,1900,0,0,0.0,3,52,12,1,2018,0
2018-12-28,78,8652,1900,0,0,0.0,4,52,12,1,2018,0
2018-12-29,76,6006,1900,0,0,0.0,5,52,12,1,2018,0
2018-12-30,78,6120,1900,0,0,0.0,6,52,12,1,2018,0
2018-12-31,75,6318,1900,0,0,0.0,0,1,12,1,2018,0
2019-01-01,57,8382,1900,0,0,0.0,1,1,1,1,2019,1
2019-01-02,82,9672,1900,117,27,130.0,2,1,1,1,2019,0
2019-01-03,83,7404,1900,0,0,0.0,3,1,1,1,2019,0
2019-01-04,83,9240,1900,31,0,34.44444444444444,4,1,1,1,2019,0
2019-01-05,73,7746,1900,0,0,0.0,5,1,1,1,2019,0
2019-01-06,75,7266,1900,0,0,0.0,6,1,1,1,2019,0
2019-01-07,78,6798,1900,0,0,0.0,0,2,1,1,2019,0
2019-01-08,79,8952,1900,0,0,0.0,1,2,1,1,2019,0
2019-01-09,81,8934,1900,0,0,0.0,2,2,1,1,2019,0
2019-01-10,74,8454,1900,0,0,0.0,3,2,1,1,2019,0
2019-01-11,85,8544,1900,0,0,0.0,4,2,1,1,2019,0
2019-01-12,71,7824,1900,0,0,0.0,5,2,1,1,2019,0
2019-01-13,71,7002,1900,0,0,0.0,6,2,1,1,2019,0
2019-01-14,75,8118,1900,0,0,0.0,0,3,1,1,2019,0
2019-01-15,71,7152,1900,0,0,0.0,1,3,1,1,2019,0
2019-01-16,72,9240,1900,20,0,22.22222222222222,2,3,1,1,2019,0
2019-01-17,75,7332,1900,0,0,0.0,3,3,1,1,2019,0
2019-01-18,71,7254,1900,0,0,0.0,4,3,1,1,2019,0
2019-01-19,58,8166,1900,0,0,0.0,5,3,1,1,2019,0
2019-01-20,70,7440,1900,0,0,0.0,6,3,1,1,2019,0
2019-01-21,72,8430,1900,0,0,0.0,0,4,1,1,2019,0
2019-01-22,72,8196,1900,0,0,0.0,1,4,1,1,2019,0
2019-01-23,72,8850,1900,0,0,0.0,2,4,1,1,2019,0
2019-01-24,73,6258,1900,0,0,0.0,3,4,1,1,2019,0
2019-01-25,71,7284,1900,0,0,0.0,4,4,1,1,2019,0
2019-01-26,69,5760,1900,0,0,0.0,5,4,1,1,2019,0
2019-01-27,70,7512,1900,0,0,0.0,6,4,1,1,2019,0
2019-01-28,80,8994,1900,0,0,0.0,0,5,1,1,2019,0
2019-01-29,74,8532,1900,0,0,0.0,1,5,1,1,2019,0
2019-01-30,76,6354,1900,0,0,0.0,2,5,1,1,2019,0
2019-01-31,85,6276,1900,0,0,0.0,3,5,1,1,2019,0
2019-02-01,75,8292,1900,0,0,0.0,4,5,2,1,2019,0
2019-02-02,56,7512,1900,0,0,0.0,5,5,2,1,2019,0
2019-02-03,51,9012,1900,0,0,0.0,6,5,2,1,2019,0
2019-02-04,58,10710,1900,300,210,333.33333333333337,0,6,2,1,2019,0
2019-02-05,49,9204,1900,0,0,0.0,1,6,2,1,2019,0
2019-02-06,57,8994,1900,0,0,0.0,2,6,2,1,2019,0
2019-02-07,61,9984,1900,158,68,175.55555555555554,3,6,2,1,2019,0
2019-02-08,54,8226,1900,0,0,0.0,4,6,2,1,2019,0
2019-02-09,49,6924,1900,0,0,0.0,5,6,2,1,2019,0
2019-02-10,51,7566,1900,0,0,0.0,6,6,2,1,2019,0
2019-02-11,55,7656,1900,0,0,0.0,0,7,2,1,2019,0
2019-02-12,57,8508,1900,0,0,0.0,1,7,2,1,2019,0
2019-02-13,62,7302,1900,0,0,0.0,2,7,2,1,2019,0
2019-02-14,55,7086,1900,0,0,0.0,3,7,2,1,2019,0
2019-02-15,64,7002,1900,0,0,0.0,4,7,2,1,2019,0
2019-02-16,68,9036,1900,0,0,0.0,5,7,2,1,2019,0
2019-02-17,80,6126,1900,0,0,0.0,6,7,2,1,2019,0
2019-02-18,81,7764,1900,0,0,0.0,0,8,2,1,2019,0
2019-02-19,81,7638,1900,0,0,0.0,1,8,2,1,2019,0
2019-02-20,80,6972,1900,0,0,0.0,2,8,2,1,2019,0
2019-02-21,82,9480,1900,78,0,86.66666666666667,3,8,2,1,2019,0
2019-02-22,85,9318,1900,49,0,54.44444444444444,4,8,2,1,2019,0
2019-02-23,69,9042,1900,0,0,0.0,5,8,2,1,2019,0
2019-02-24,71,6384,1900,0,0,0.0,6,8,2,1,2019,0
2019-02-25,72,9324,1900,37,0,41.11111111111111,0,9,2,1,2019,0
2019-02-26,68,8568,1900,0,0,0.0,1,9,2,1,2019,0
2019-02-27,67,9522,1900,72,0,80.0,2,9,2,1,2019,0
2019-02-28,57,6762,1900,0,0,0.0,3,9,2,1,2019,0
2019-03-01,60,10608,1900,282,192,313.3333333333333,4,9,3,2,2019,0
2019-03-02,60,10620,1900,284,194,315.55555555555554,5,9,3,2,2019,0
2019-03-03,65,10026,1900,171,81,190.0,6,9,3,2,2019,0
2019-03-04,67,9906,1900,149,59,165.55555555555554,0,10,3,2,2019,0
2019-03-05,62,9312,1900,25,0,27.77777777777778,1,10,3,2,2019,0
2019-03-06,66,8112,1900,0,0,0.0,2,10,3,2,2019,0
2019-03-07,59,9684,1900,96,6,106.66666666666667,3,10,3,2,2019,0
2019-03-08,56,9018,1900,0,0,0.0,4,10,3,2,2019,0
2019-03-09,51,8826,1900,0,0,0.0,5,10,3,2,2019,0
2019-03-10,55,7254,1900,0,0,0.0,6,10,3,2,2019,0
2019-03-11,58,8394,1900,0,0,0.0,0,11,3,2,2019,0
2019-03-12,62,9348,1900,32,0,35.55555555555556,1,11,3,2,2019,0
2019-03-13,70,10536,1900,278,188,308.8888888888889,2,11,3,2,2019,0
2019-03-14,74,9120,1900,0,0,0.0,3,11,3,2,2019,0
2019-03-15,66,7944,1900,0,0,0.0,4,11,3,2,2019,0
2019-03-16,55,9906,1900,137,47,152.22222222222223,5,11,3,2,2019,0
2019-03-17,66,8616,1900,0,0,0.0,6,11,3,2,2019,0
2019-03-18,69,7608,1900,0,0,0.0,0,12,3,2,2019,0
2019-03-19,74,9768,1900,128,38,142.22222222222223,1,12,3,2,2019,0
2019-03-20,75,10080,1900,191,101,212.22222222222223,2,12,3,2,2019,0
2019-03-21,77,9660,1900,109,19,121.1111111111111,3,12,3,2,2019,0
2019-03-22,71,8742,1900,0,0,0.0,4,12,3,2,2019,0
2019-03-23,68,7386,1900,0,0,0.0,5,12,3,2,2019,0
2019-03-24,75,9294,1900,34,0,37.77777777777778,6,12,3,2,2019,0
2019-03-25,83,8724,1900,0,0,0.0,0,13,3,2,2019,0
2019-03-26,78,10008,1900,180,90,200.0,1,13,3,2,2019,0
2019-03-27,85,7446,1900,0,0,0.0,2,13,3,2,2019,0
2019-03-28,88,9996,1900,188,98,208.8888888888889,3,13,3,2,2019,0
2019-03-29,91,8076,1900,0,0,0.0,4,13,3,2,2019,0
2019-03-30,83,7356,1900,0,0,0.0,5,13,3,2,2019,0
2019-03-31,90,7134,1900,0,0,0.0,6,13,3,2,2019,0
2019-04-01,85,11850,1900,555,465,616.6666666666667,0,14,4,2,2019,0
2019-04-02,81,10920,1900,365,275,405.55555555555554,1,14,4,2,2019,0
2019-04-03,79,11328,1900,445,355,494.44444444444446,2,14,4,2,2019,0
2019-04-04,75,10260,1900,227,137,252.22222222222223,3,14,4,2,2019,0
2019-04-05,67,9444,1900,56,0,62.22222222222222,4,14,4,2,2019,0
2019-04-06,57,9900,1900,137,47,152.22222222222223,5,14,4,2,2019,0
2019-04-07,67,8034,1900,0,0,0.0,6,14,4,2,2019,0
2019-04-08,80,9786,1900,138,48,153.33333333333334,0,15,4,2,2019,0
2019-04-09,70,10050,1900,180,90,200.0,1,15,4,2,2019,0
2019-04-10,68,10638,1900,296,206,328.88888888888886,2,15,4,2,2019,0
2019-04-11,68,9036,1900,0,0,0.0,3,15,4,2,2019,0
2019-04-12,71,8256,1900,0,0,0.0,4,15,4,2,2019,0
2019-04-13,65,9264,1900,18,0,20.0,5,15,4,2,2019,0
2019-04-14,70,7188,1900,0,0,0.0,6,15,4,2,2019,0
2019-04-15,71,10746,1900,321,231,356.6666666666667,0,16,4,2,2019,0
2019-04-16,71,8286,1900,0,0,0.0,1,16,4,2,2019,0
2019-04-17,73,9072,1900,0,0,0.0,2,16,4,2,2019,0
2019-04-18,81,9522,1900,86,0,95.55555555555556,3,16,4,2,2019,0
2019-04-19,81,9312,1900,44,0,48.888888888888886,4,16,4,2,2019,1
2019-04-20,77,10008,1900,179,89,198.88888888888889,5,16,4,2,2019,0
2019-04-21,78,9588,1900,96,6,106.66666666666667,6,16,4,2,2019,0
2019-04-22,81,8058,1900,0,0,0.0,0,17,4,2,2019,1
2019-04-23,89,10218,1900,233,143,258.8888888888889,1,17,4,2,2019,0
2019-04-24,91,10692,1900,330,240,366.66666666666663,2,17,4,2,2019,0
2019-04-25,82,8862,1900,0,0,0.0,3,17,4,2,2019,0
2019-04-26,80,8532,1900,0,0,0.0,4,17,4,2,2019,0
2019-04-27,79,8670,1900,0,0,0.0,5,17,4,2,2019,0
2019-04-28,80,7314,1900,0,0,0.0,6,17,4,2,2019,0
2019-04-29,80,9192,1900,19,0,21.11111111111111,0,18,4,2,2019,0
2019-04-30,76,10296,1900,236,146,262.22222222222223,1,18,4,2,2019,0
2019-05-01,69,10494,1900,268,178,297.77777777777777,2,18,5,2,2019,1
2019-05-02,70,9606,1900,92,2,102.22222222222221,3,18,5,2,2019,0
2019-05-03,74,11742,1900,523,433,581.1111111111111,4,18,5,2,2019,0
2019-05-04,66,11334,1900,433,343,481.1111111111111,5,18,5,2,2019,0
2019-05-05,75,10044,1900,184,94,204.44444444444443,6,18,5,2,2019,0
2019-05-06,67,10464,1900,260,170,288.88888888888886,0,19,5,2,2019,0
2019-05-07,78,10944,1900,367,277,407.77777777777777,1,19,5,2,2019,0
2019-05-08,80,10368,1900,254,164,282.22222222222223,2,19,5,2,2019,0
2019-05-09,76,9648,1900,106,16,117.77777777777779,3,19,5,2,2019,0
2019-05-10,80,10638,1900,308,218,342.22222222222223,4,19,5,2,2019,0
2019-05-11,69,8454,1900,0,0,0.0,5,19,5,2,2019,0
2019-05-12,78,8040,1900,0,0,0.0,6,19,5,2,2019,0
2019-05-13,82,10698,1900,322,232,357.77777777777777,0,20,5,2,2019,0
2019-05-14,81,9480,1900,77,0,85.55555555555556,1,20,5,2,2019,0
2019-05-15,81,9528,1900,87,0,96.66666666666667,2,20,5,2,2019,0
2019-05-16,81,10866,1900,355,265,394.44444444444446,3,20,5,2,2019,0
2019-05-17,88,8790,1900,0,0,0.0,4,20,5,2,2019,0
2019-05-18,72,10524,1900,277,187,307.77777777777777,5,20,5,2,2019,0
2019-05-19,78,8316,1900,0,0,0.0,6,20,5,2,2019,0
2019-05-20,84,9102,1900,5,0,5.555555555555555,0,21,5,2,2019,0
2019-05-21,66,8664,1900,0,0,0.0,1,21,5,2,2019,0
2019-05-22,76,9480,1900,72,0,80.0,2,21,5,2,2019,0
2019-05-23,86,8544,1900,0,0,0.0,3,21,5,2,2019,0
2019-05-24,81,8814,1900,0,0,0.0,4,21,5,2,2019,0
2019-05-25,76,9846,1900,146,56,162.22222222222223,5,21,5,2,2019,0
2019-05-26,83,9882,1900,160,70,177.77777777777777,6,21,5,2,2019,0
2019-05-27,77,8790,1900,0,0,0.0,0,22,5,2,2019,0
